月份,样本,选股,各股收益,QGT均收益,模型概率,仓位决策,策略收益,策略累计,QGT累计
2016-11,IS,MU / COHR / NVDA / LVS / ADSK,MU:+14.5% / COHR:+8.1% / NVDA:+28.5% / LVS:+7.0% / ADSK:+0.5%,11.71,67.2,满仓100%,11.71,11.7,11.7
2016-12,IS,COHR / NVDA / SATS / CFG / NFLX,COHR:-0.8% / NVDA:+13.5% / SATS:-0.1% / CFG:+7.6% / NFLX:+6.4%,5.3,67.5,满仓100%,5.3,17.6,17.6
2017-01,IS,NVDA / KEY / CFG / COHR / GS,NVDA:+5.8% / KEY:-1.7% / CFG:+0.3% / COHR:+1.6% / GS:-5.0%,0.18,63.8,满仓100%,0.18,17.9,17.9
2017-02,IS,NVDA / AMD / CFG / KEY / BAC,NVDA:-6.2% / AMD:+38.4% / CFG:+5.2% / KEY:+5.0% / BAC:+10.4%,10.56,54.9,半仓 50%,5.28,24.1,30.3
2017-03,IS,AMD / NVDA / BAC / COHR / CFG,AMD:-3.2% / NVDA:+5.0% / BAC:-6.8% / COHR:-0.1% / CFG:-9.8%,-2.98,73.0,满仓100%,-2.98,20.4,26.4
2017-04,IS,AMD / INCY / ANET / MU / TSLA,AMD:-8.0% / INCY:-7.6% / ANET:+6.0% / MU:-3.8% / TSLA:+9.7%,-0.74,69.9,满仓100%,-0.74,19.5,25.5
2017-05,IS,ANET / AMD / VRTX / TSLA / MU,ANET:+5.7% / AMD:-16.2% / VRTX:+4.2% / TSLA:+9.2% / MU:+10.4%,2.67,63.2,满仓100%,2.67,22.7,28.8
2017-06,IS,VRTX / ANET / TSLA / LRCX / ISRG,VRTX:+4.4% / ANET:+2.4% / TSLA:+7.6% / LRCX:-8.1% / ISRG:+2.8%,1.83,53.3,半仓 50%,0.92,23.8,31.2
2017-07,IS,NVDA / VRTX / TSLA / ANET / EA,NVDA:+11.6% / VRTX:+18.2% / TSLA:-12.8% / ANET:-0.4% / EA:+10.4%,5.39,71.8,满仓100%,5.39,30.5,38.3
2017-08,IS,NVDA / VRTX / PYPL / CSGP / COO,NVDA:+4.9% / VRTX:+5.0% / PYPL:+5.0% / CSGP:+4.0% / COO:-0.1%,3.79,63.6,满仓100%,3.79,35.4,43.5
2017-09,IS,NVDA / VRTX / PYPL / BA / CSGP,NVDA:+6.3% / VRTX:-5.9% / PYPL:+4.1% / BA:+6.2% / CSGP:-6.4%,0.88,56.2,满仓100%,0.88,36.6,44.8
2017-10,IS,REMX / NVDA / BA / VRTX / FCX,REMX:+5.9% / NVDA:+15.7% / BA:+1.4% / VRTX:-2.6% / FCX:+3.0%,4.7,59.5,满仓100%,4.7,43.0,51.6
2017-11,IS,REMX / MU / ABBV / BA / NVDA,REMX:+3.0% / MU:-6.8% / ABBV:+7.1% / BA:+7.4% / NVDA:-4.8%,1.18,66.5,满仓100%,1.18,44.7,53.4
2017-12,IS,MU / REMX / IBKR / LRCX / ANET,MU:-0.5% / REMX:+7.2% / IBKR:+3.6% / LRCX:-2.5% / ANET:+1.3%,1.82,66.8,满仓100%,1.82,47.4,56.1
2018-01,IS,IBKR / MU / ANET / DLTR / CPRT,IBKR:+8.2% / MU:+3.6% / ANET:+16.0% / DLTR:+5.2% / CPRT:+1.1%,6.83,67.2,满仓100%,6.83,57.4,66.8
2018-02,IS,NTAP / ANET / IBKR / ROST / KR,NTAP:-1.2% / ANET:-0.9% / IBKR:+9.1% / ROST:-4.6% / KR:-9.7%,-1.47,54.2,半仓 50%,-0.74,56.3,64.3
2018-03,IS,NFLX / KR / AMZN / DECK / NTAP,NFLX:-0.3% / KR:-12.3% / AMZN:-6.3% / DECK:-4.9% / NTAP:-0.5%,-4.88,55.4,满仓100%,-4.88,48.6,56.3
2018-04,IS,NFLX / AMZN / DECK / NOW / BA,NFLX:+6.3% / AMZN:+10.3% / DECK:+3.3% / NOW:+0.6% / BA:+2.2%,4.55,51.4,半仓 50%,2.27,52.0,63.4
2018-05,IS,NFLX / DXCM / FTNT / PANW / NOW,NFLX:+14.0% / DXCM:+21.3% / FTNT:+11.9% / PANW:+9.5% / NOW:+8.3%,13.01,71.4,满仓100%,13.01,71.8,84.7
2018-06,IS,DXCM / NFLX / TTD / PANW / CMG,DXCM:+9.7% / NFLX:+8.9% / TTD:+7.6% / PANW:-2.4% / CMG:-0.8%,4.59,58.0,满仓100%,4.59,79.7,93.2
2018-07,IS,TTD / DXCM / CMG / NFLX / ALGN,TTD:-9.1% / DXCM:-2.6% / CMG:+1.6% / NFLX:-12.9% / ALGN:+6.5%,-3.29,50.8,半仓 50%,-1.65,76.7,86.8
2018-08,IS,TTD / W / AMD / DXCM / ALGN,TTD:+68.7% / W:+23.1% / AMD:+39.7% / DXCM:+53.1% / ALGN:+8.4%,38.62,69.2,满仓100%,38.62,145.0,159.0
2018-09,IS,TTD / AMD / DXCM / W / ALGN,TTD:+6.8% / AMD:+19.8% / DXCM:-2.2% / W:+10.6% / ALGN:+1.7%,7.33,58.7,满仓100%,7.33,162.9,177.9
2018-10,IS,AMD / TTD / DXCM / W / FTNT,AMD:-40.0% / TTD:-17.6% / DXCM:-5.2% / W:-35.4% / FTNT:-11.6%,-21.97,28.6,空仓  0%,-0.0,162.9,116.9
2018-11,IS,TTD / DXCM / FTNT / W / LLY,TTD:+18.6% / DXCM:+0.1% / FTNT:-7.2% / W:+15.0% / LLY:+9.1%,7.1,73.4,满仓100%,7.1,181.6,132.3
2018-12,IS,SBUX / MKC / LLY / DXCM / HRL,SBUX:-5.5% / MKC:-8.6% / LLY:-3.2% / DXCM:-12.4% / HRL:-6.3%,-7.21,37.0,空仓  0%,-0.0,181.6,115.5
2019-01,IS,SBUX / MKC / CHD / HRL / TSLA,SBUX:+7.7% / MKC:-10.2% / CHD:-0.6% / HRL:+0.1% / TSLA:-0.2%,-0.64,51.5,半仓 50%,-0.32,180.7,114.1
2019-02,IS,TWLO / WDAY / OKTA / SBUX / CHD,TWLO:+10.7% / WDAY:+10.6% / OKTA:+5.4% / SBUX:+3.0% / CHD:+1.7%,6.28,79.1,满仓100%,6.28,198.3,127.6
2019-03,IS,TWLO / OKTA / WDAY / KEYS / NTNX,TWLO:+6.8% / OKTA:-3.5% / WDAY:-3.2% / KEYS:+3.5% / NTNX:+4.0%,1.53,71.1,满仓100%,1.53,202.9,131.1
2019-04,IS,W / TTD / TWLO / KEYS / CMG,W:+8.6% / TTD:+10.6% / TWLO:+8.1% / KEYS:+0.0% / CMG:-3.2%,4.8,63.6,满仓100%,4.8,217.4,142.2
2019-05,IS,W / TTD / CMG / CDNS / ANET,W:-11.8% / TTD:-10.3% / CMG:-4.6% / CDNS:-9.0% / ANET:-22.6%,-11.67,52.3,半仓 50%,-5.83,198.9,113.9
2019-06,IS,QCOM / ALGN / OKTA / TTD / CDNS,QCOM:+20.2% / ALGN:-0.8% / OKTA:+10.1% / TTD:+18.1% / CDNS:+14.6%,12.45,64.5,满仓100%,12.45,236.1,140.5
2019-07,IS,OKTA / QCOM / IR / VEEV / TTD,OKTA:+4.8% / QCOM:-14.6% / IR:-10.8% / VEEV:-0.1% / TTD:+12.0%,-1.75,38.3,空仓  0%,-0.0,236.1,136.3
2019-08,IS,OKTA / VEEV / BX / BR / CPRT,OKTA:-4.5% / VEEV:-3.5% / BX:+2.7% / BR:+1.7% / CPRT:-2.6%,-1.26,29.6,空仓  0%,-0.0,236.1,133.4
2019-09,IS,OKTA / DXCM / TTWO / HSY / BX,OKTA:-21.9% / DXCM:-12.0% / TTWO:-4.4% / HSY:-2.3% / BX:+0.5%,-8.03,27.7,空仓  0%,-0.0,236.1,114.6
2019-10,IS,WDC / KLAC / DXCM / TGT / TTWO,WDC:-13.7% / KLAC:+5.8% / DXCM:+4.0% / TGT:+0.7% / TTWO:-3.1%,-1.27,63.3,满仓100%,-1.27,231.8,111.9
2019-11,IS,KLAC / TGT / WDC / LRCX / DG,KLAC:-3.6% / TGT:+16.3% / WDC:-2.8% / LRCX:-2.7% / DG:-2.0%,1.04,67.0,满仓100%,1.04,235.3,114.1
2019-12,IS,TSLA / LRCX / KLAC / MPC / TGT,TSLA:+28.9% / LRCX:+11.0% / KLAC:+10.3% / MPC:+0.0% / TGT:+2.4%,10.51,53.8,半仓 50%,5.26,252.9,136.6
2020-01,IS,TSLA / ALGN / STT / DXCM / AMD,TSLA:+58.7% / ALGN:-8.4% / STT:-4.2% / DXCM:+10.3% / AMD:-1.0%,11.07,59.0,满仓100%,11.07,292.0,162.8
2020-02,IS,TSLA / AMD / ALGN / Z / ZG,TSLA:+5.6% / AMD:+2.2% / ALGN:-15.0% / Z:+19.9% / ZG:+20.1%,6.57,66.3,满仓100%,6.57,317.7,180.1
2020-03,IS,TSLA / ZG / Z / AMD / DXCM,TSLA:-29.1% / ZG:-42.7% / Z:-39.6% / AMD:-6.8% / DXCM:-8.1%,-25.27,59.4,满仓100%,-25.27,212.2,109.3
2020-04,IS,TSLA / DXCM / AMD / NFLX / QQQ,TSLA:+49.8% / DXCM:+29.5% / AMD:+15.6% / NFLX:+10.4% / QQQ:+16.1%,24.28,78.2,满仓100%,24.28,288.0,160.1
2020-05,IS,ZM / TSLA / DXCM / NEM / TLT,ZM:+34.7% / TSLA:+13.7% / DXCM:+15.6% / NEM:+0.5% / TLT:-3.2%,12.24,81.3,满仓100%,12.24,335.4,191.9
2020-06,IS,ZM / W / DXCM / NEM / TWLO,ZM:+37.2% / W:+14.1% / DXCM:+6.9% / NEM:+4.8% / TWLO:+11.4%,14.88,64.1,满仓100%,14.88,400.2,235.4
2020-07,IS,W / ZM / TWLO / DXCM / CVNA,W:+38.7% / ZM:+2.2% / TWLO:+29.4% / DXCM:+7.8% / CVNA:+31.1%,21.81,65.6,满仓100%,21.81,509.3,308.5
2020-08,IS,W / TWLO / CVNA / TSLA / ZM,W:+9.3% / TWLO:-2.8% / CVNA:+37.2% / TSLA:+73.2% / ZM:+71.1%,37.62,48.0,半仓 50%,18.81,623.9,462.2
2020-09,IS,W / TSLA / CVNA / TWLO / TTD,W:-0.5% / TSLA:-12.2% / CVNA:+5.7% / TWLO:-8.9% / TTD:+8.9%,-1.41,27.2,空仓  0%,-0.0,623.9,454.2
2020-10,IS,TSLA / CVNA / ZM / W / ZG,TSLA:-10.6% / CVNA:-17.6% / ZM:-3.1% / W:-15.9% / ZG:-13.7%,-12.19,33.2,空仓  0%,-0.0,623.9,386.7
2020-11,IS,ZM / TSLA / PINS / ZG / Z,ZM:-6.0% / TSLA:+51.7% / PINS:+20.2% / ZG:+23.9% / Z:+22.5%,22.47,70.6,满仓100%,22.47,786.5,496.0
2020-12,IS,PINS / SNAP / ZM / TTD / ROKU,PINS:-6.9% / SNAP:+12.3% / ZM:-21.7% / TTD:-10.8% / ROKU:+17.0%,-2.02,52.3,半仓 50%,-1.01,777.6,484.0
2021-01,IS,SNAP / PINS / MSTR / TTD / ROKU,SNAP:+7.1% / PINS:+5.5% / MSTR:+49.0% / TTD:-2.0% / ROKU:+16.3%,15.16,67.7,满仓100%,15.16,910.6,572.5
2021-02,IS,ARWR / QQQ / SPY / GH / PODD,ARWR:+4.0% / QQQ:+0.4% / SPY:+3.2% / GH:-3.8% / PODD:-3.1%,0.13,69.2,满仓100%,0.13,911.9,573.4
2021-03,IS,ARWR / GH / SWKS / CGNX / WAT,ARWR:-17.1% / GH:+3.0% / SWKS:+2.7% / CGNX:-0.7% / WAT:+3.2%,-1.79,55.3,满仓100%,-1.79,893.8,561.3
2021-04,IS,MSTR / SWKS / J / WAT / GH,MSTR:-2.1% / SWKS:-2.1% / J:+3.8% / WAT:+6.2% / GH:+3.3%,1.82,68.6,满仓100%,1.82,911.9,573.4
2021-05,IS,J / SWKS / CARR / WAT / QQQ,J:+6.3% / SWKS:-6.0% / CARR:+5.6% / WAT:+6.9% / QQQ:-1.2%,2.32,64.0,满仓100%,2.32,935.4,589.0
2021-06,IS,J / CARR / WAT / NUE / SPY,J:-6.3% / CARR:+4.3% / WAT:+7.1% / NUE:-7.6% / SPY:+1.5%,-0.2,49.1,半仓 50%,-0.1,934.4,587.7
2021-07,IS,NUE / J / CARR / WAT / QQQ,NUE:+7.9% / J:+1.1% / CARR:+13.7% / WAT:+13.0% / QQQ:+3.5%,7.83,52.8,半仓 50%,3.92,974.9,641.5
2021-08,IS,MRNA / NET / NVDA / FTNT / BX,MRNA:+6.3% / NET:+0.6% / NVDA:+14.2% / FTNT:+15.8% / BX:+8.4%,9.05,65.3,满仓100%,9.05,1072.2,708.7
2021-09,IS,MRNA / NET / DDOG / RMD / FTNT,MRNA:-6.4% / NET:-5.8% / DDOG:+2.9% / RMD:-8.6% / FTNT:-8.3%,-5.26,61.6,满仓100%,-5.26,1010.6,666.1
2021-10,IS,MRNA / DDOG / NET / MDB / ZS,MRNA:-6.5% / DDOG:+17.9% / NET:+72.3% / MDB:+10.1% / ZS:+21.4%,23.05,57.6,满仓100%,23.05,1266.6,842.7
2021-11,IS,NET / MDB / DDOG / MRNA / U,NET:-2.4% / MDB:-3.8% / DDOG:+9.2% / MRNA:-1.5% / U:+14.1%,3.12,52.7,半仓 50%,1.56,1287.9,872.2
2021-12,IS,NET / TSLA / DDOG / U / MDB,NET:-31.1% / TSLA:-1.1% / DDOG:-2.2% / U:-17.2% / MDB:+2.6%,-9.8,27.8,空仓  0%,-0.0,1287.9,776.9
2022-01,OOS,ON / F / TSLA / DLTR / ANET,ON:-13.4% / F:-3.1% / TSLA:-18.5% / DLTR:-6.8% / ANET:-13.8%,-11.13,67.8,满仓100%,-11.13,1133.4,679.3
2022-02,OOS,F / DLTR / ANET / ON / CIEN,F:-15.5% / DLTR:+8.3% / ANET:-1.7% / ON:+5.4% / CIEN:+3.0%,-0.13,56.6,满仓100%,-0.13,1131.8,678.3
2022-03,OOS,HAL / AA / DVN / EOG / VRTX,HAL:+11.8% / AA:+17.7% / DVN:-1.1% / EOG:+2.8% / VRTX:+14.1%,9.08,76.9,满仓100%,9.08,1243.6,748.9
2022-04,OOS,OXY / AA / HAL / DVN / CVX,OXY:-4.0% / AA:-26.9% / HAL:-7.1% / DVN:-3.2% / CVX:-4.0%,-9.06,53.5,半仓 50%,-4.53,1182.7,672.0
2022-05,OOS,OXY / EQT / HAL / AA / BKR,OXY:+29.5% / EQT:+22.8% / HAL:+16.1% / AA:-8.8% / BKR:+18.8%,15.71,59.9,满仓100%,15.71,1384.3,793.3
2022-06,OOS,EQT / OXY / VLO / CTRA / HAL,EQT:-27.9% / OXY:-15.9% / VLO:-17.3% / CTRA:-25.2% / HAL:-23.0%,-21.86,52.7,半仓 50%,-10.93,1222.0,598.0
2022-07,OOS,EQT / VLO / OXY / CTRA / MPC,EQT:+23.3% / VLO:+1.1% / OXY:+9.7% / CTRA:+15.2% / MPC:+8.5%,11.57,47.7,半仓 50%,5.79,1298.5,678.8
2022-08,OOS,EQT / RBA / MNST / LLY / VICI,EQT:+9.6% / RBA:-3.6% / MNST:-10.6% / LLY:-8.1% / VICI:-3.6%,-3.27,84.1,满仓100%,-3.27,1252.7,653.3
2022-09,OOS,SMCI / ALNY / RBA / DECK / CDNS,SMCI:-11.4% / ALNY:-0.8% / RBA:-9.1% / DECK:-0.7% / CDNS:-3.9%,-5.17,79.8,满仓100%,-5.17,1182.7,614.3
2022-10,OOS,ALNY / SMCI / DKS / DECK / ON,ALNY:+2.1% / SMCI:+24.0% / DKS:+10.1% / DECK:+12.6% / ON:-0.4%,9.7,81.0,满仓100%,9.7,1307.1,683.5
2022-11,OOS,ALNY / DKS / AXON / DECK / LNG,ALNY:+5.2% / DKS:+3.0% / AXON:+20.9% / DECK:+11.9% / LNG:-0.6%,8.1,80.5,满仓100%,8.1,1421.0,747.0
2022-12,OOS,AXON / DXCM / SLB / SMCI / BIIB,AXON:-5.7% / DXCM:-1.8% / SLB:+1.0% / SMCI:-9.5% / BIIB:-9.4%,-5.07,74.0,满仓100%,-5.07,1344.0,704.1
2023-01,OOS,AXON / SMCI / SLB / GILD / AU,AXON:+17.4% / SMCI:-13.4% / SLB:+7.7% / GILD:-1.3% / AU:+5.0%,3.09,79.6,满仓100%,3.09,1388.6,728.9
2023-02,OOS,SCCO / FCX / AXON / WMG / HAL,SCCO:+1.6% / FCX:-3.8% / AXON:+5.9% / WMG:-13.6% / HAL:-11.1%,-4.2,67.7,满仓100%,-4.2,1326.0,694.1
2023-03,OOS,SCCO / NVDA / LVS / GE / FCX,SCCO:+1.4% / NVDA:+18.6% / LVS:+2.0% / GE:+13.1% / FCX:-3.5%,6.34,59.6,满仓100%,6.34,1416.4,744.4
2023-04,OOS,META / NVDA / HUBS / GE / AMD,META:+14.3% / NVDA:+1.2% / HUBS:-0.1% / GE:+3.9% / AMD:-5.9%,2.68,64.5,满仓100%,2.68,1457.1,767.1
2023-05,OOS,META / NVDA / MSTR / HUBS / AMD,META:+11.4% / NVDA:+38.2% / MSTR:-6.7% / HUBS:+20.2% / AMD:+28.9%,18.4,49.3,半仓 50%,9.2,1600.4,926.6
2023-06,OOS,META / SMCI / NVDA / HUBS / CRM,META:+7.8% / SMCI:+12.5% / NVDA:+10.5% / HUBS:+4.2% / CRM:+1.1%,7.22,48.3,半仓 50%,3.61,1661.8,1000.8
2023-07,OOS,SMCI / PLTR / NVDA / MDB / META,SMCI:+26.5% / PLTR:+25.6% / NVDA:+9.3% / MDB:+3.2% / META:+10.8%,15.09,41.2,半仓 50%,7.54,1794.7,1166.8
2023-08,OOS,SMCI / PLTR / MDB / NVDA / MRVL,SMCI:-14.1% / PLTR:-22.1% / MDB:-6.0% / NVDA:+7.1% / MRVL:-9.1%,-8.84,40.8,半仓 50%,-4.42,1710.9,1054.8
2023-09,OOS,SMCI / PLTR / MDB / NVDA / RCL,SMCI:-0.7% / PLTR:+5.7% / MDB:-13.3% / NVDA:-11.5% / RCL:-7.5%,-5.47,32.5,空仓  0%,-0.0,1710.9,991.7
2023-10,OOS,SMCI / OVV / DELL / MPC / HAL,SMCI:-12.2% / OVV:+0.9% / DELL:-1.9% / MPC:+0.9% / HAL:-2.0%,-2.88,59.4,满仓100%,-2.88,1658.7,960.2
2023-11,OOS,DELL / MPC / OVV / HAL / LLY,DELL:+6.8% / MPC:-2.4% / OVV:-8.0% / HAL:-6.4% / LLY:+6.6%,-0.67,50.1,半仓 50%,-0.34,1652.8,953.1
2023-12,OOS,DELL / CRWD / PGR / WSM / URA,DELL:+5.0% / CRWD:+6.7% / PGR:-2.7% / WSM:+7.0% / URA:-5.4%,2.12,76.8,满仓100%,2.12,1690.0,975.5
2024-01,OOS,MSTR / CRWD / GDDY / WSM / RBLX,MSTR:-27.5% / CRWD:+17.8% / GDDY:+1.9% / WSM:-2.7% / RBLX:-12.4%,-4.59,74.2,满仓100%,-4.59,1607.8,926.0
2024-02,OOS,CRWD / MSTR / RBLX / RKT / AFRM,CRWD:+7.8% / MSTR:+98.5% / RBLX:+2.0% / RKT:+0.4% / AFRM:-8.2%,20.11,55.9,满仓100%,20.11,1951.1,1132.3
2024-03,OOS,SMCI / AFRM / COIN / CRWD / AMD,SMCI:+14.5% / AFRM:-0.9% / COIN:+29.2% / CRWD:+0.6% / AMD:-9.0%,6.87,45.5,半仓 50%,3.44,2021.6,1217.1
2024-04,OOS,SMCI / MSTR / CVNA / COIN / NVDA,SMCI:-23.0% / MSTR:-38.3% / CVNA:-5.7% / COIN:-24.0% / NVDA:-5.8%,-19.36,36.9,空仓  0%,-0.0,2021.6,962.1
2024-05,OOS,MSTR / SMCI / CVNA / VST / COIN,MSTR:+57.7% / SMCI:+3.2% / CVNA:+25.1% / VST:+32.0% / COIN:+16.8%,26.94,64.8,满仓100%,26.94,2593.2,1248.2
2024-06,OOS,VST / CVNA / MSTR / APP / VRT,VST:-11.1% / CVNA:+24.9% / MSTR:-11.9% / APP:+2.5% / VRT:-11.0%,-1.34,71.6,满仓100%,-1.34,2557.2,1230.2
2024-07,OOS,VST / CVNA / FSLR / MSTR / NVDA,VST:-10.4% / CVNA:+14.2% / FSLR:-2.5% / MSTR:+14.5% / NVDA:-4.8%,2.2,71.9,满仓100%,2.2,2615.8,1259.5
2024-08,OOS,CVNA / FSLR / ALNY / NVDA / TER,CVNA:+1.0% / FSLR:+3.5% / ALNY:+4.2% / NVDA:-1.3% / TER:+3.7%,2.2,71.7,满仓100%,2.2,2675.6,1289.4
2024-09,OOS,ALNY / CVNA / TSLA / IRM / RKT,ALNY:+5.5% / CVNA:+17.1% / TSLA:+22.0% / IRM:+5.4% / RKT:-1.2%,9.79,59.4,满仓100%,9.79,2947.3,1425.5
2024-10,OOS,ALNY / PLTR / RKT / IRM / CVNA,ALNY:-2.9% / PLTR:+12.7% / RKT:-15.5% / IRM:+4.9% / CVNA:+41.9%,8.24,68.2,满仓100%,8.24,3198.4,1551.1
2024-11,OOS,APP / PLTR / AFRM / CVNA / ALNY,APP:+96.2% / PLTR:+60.8% / AFRM:+62.9% / CVNA:+5.8% / ALNY:-5.5%,44.06,53.0,半仓 50%,22.03,3924.9,2278.5
2024-12,OOS,APP / MSTR / PLTR / SOFI / AFRM,APP:-1.4% / MSTR:-23.8% / PLTR:+13.0% / SOFI:-9.0% / AFRM:-13.4%,-6.93,51.9,半仓 50%,-3.47,3785.4,2113.7
2025-01,OOS,APP / MSTR / PLTR / SOFI / AFRM,APP:+6.8% / MSTR:+3.3% / PLTR:+5.2% / SOFI:-0.1% / AFRM:-8.2%,1.37,38.8,空仓  0%,0.0,3785.4,2144.1
2025-02,OOS,APP / RKLB / IONQ / PLTR / MSTR,APP:-0.9% / RKLB:-21.9% / IONQ:-32.3% / PLTR:+10.5% / MSTR:-5.4%,-10.01,33.0,空仓  0%,-0.0,3785.4,1919.5
2025-03,OOS,HOOD / APP / RKLB / PLTR / NET,HOOD:-23.6% / APP:-24.6% / RKLB:-16.7% / PLTR:-5.3% / NET:-21.8%,-18.38,35.1,空仓  0%,-0.0,3785.4,1548.3
2025-04,OOS,PLTR / HOOD / OKTA / NET / TPR,PLTR:+43.1% / HOOD:+22.3% / OKTA:+8.2% / NET:+10.1% / TPR:+0.4%,16.81,50.3,半仓 50%,8.4,4112.0,1825.3
2025-05,OOS,AU / OKTA / PM / NEM / BJ,AU:+13.4% / OKTA:-9.0% / PM:+6.1% / NEM:+4.7% / BJ:-3.1%,2.39,78.1,满仓100%,2.39,4212.5,1871.3
2025-06,OOS,AU / NEM / PLTR / PM / RGLD,AU:+3.6% / NEM:+9.3% / PLTR:+2.9% / PM:+1.6% / RGLD:-0.1%,3.46,56.5,满仓100%,3.46,4361.9,1939.6
2025-07,OOS,NRG / AU / CVNA / RBLX / ZS,NRG:+1.2% / AU:+0.7% / CVNA:+13.4% / RBLX:+26.6% / ZS:-10.5%,6.27,73.3,满仓100%,6.27,4641.7,2067.5
2025-08,OOS,HOOD / SYM / RKLB / RBLX / COIN,HOOD:+2.6% / SYM:-9.3% / RKLB:+8.2% / RBLX:-8.5% / COIN:-10.5%,-3.49,47.7,半仓 50%,-1.75,4558.9,1991.7
2025-09,OOS,RKLB / HOOD / SYM / ALAB / ETHA,RKLB:+1.4% / HOOD:+40.8% / SYM:+17.0% / ALAB:+8.3% / ETHA:-0.1%,13.48,62.5,满仓100%,13.48,5186.8,2273.6
2025-10,OOS,ALAB / RDDT / ETHA / SOFI / RKLB,ALAB:-0.2% / RDDT:-0.9% / ETHA:-13.5% / SOFI:+11.0% / RKLB:+33.0%,5.88,54.1,半仓 50%,2.94,5342.1,2413.1
2025-11,OOS,WDC / CIEN / ALAB / WBD / APP,WDC:+5.3% / CIEN:+0.6% / ALAB:-18.7% / WBD:+5.9% / APP:-9.1%,-3.2,41.8,半仓 50%,-1.6,5255.1,2332.8
2025-12,OOS,CIEN / WDC / MU / WBD / INSM,CIEN:+23.8% / WDC:+10.6% / MU:+27.1% / WBD:+20.9% / INSM:-15.0%,13.47,32.8,空仓  0%,0.0,5255.1,2660.4
2026-01,OOS,CIEN / WDC / WBD / MU / COHR,CIEN:+2.9% / WDC:+37.6% / WBD:-4.4% / MU:+39.7% / COHR:+11.1%,17.35,33.7,空仓  0%,0.0,5255.1,3139.3
2026-02,OOS,PL / HL / RVMD / MU / LITE,PL:-4.7% / HL:+9.1% / RVMD:+5.2% / MU:-2.6% / LITE:+83.2%,18.02,66.8,满仓100%,18.02,6220.3,3723.2
2026-03,OOS,LITE / SNDK / MU / FORM / WDC,LITE:-1.1% / SNDK:+5.4% / MU:-13.1% / FORM:+2.2% / WDC:+3.7%,-0.56,54.1,半仓 50%,-0.28,6202.7,3701.8
2026-04,OOS,SNDK / LITE / AAOI / FORM / VIAV,SNDK:+62.4% / LITE:+24.2% / AAOI:+80.5% / FORM:+37.5% / VIAV:+56.6%,52.23,70.5,满仓100%,52.23,9494.7,5687.5
2026-05,OOS,AAOI / SNDK / LITE / VIAV / CIEN,AAOI:-2.6% / SNDK:+60.0% / LITE:-6.4% / VIAV:-9.3% / CIEN:+10.1%,10.37,44.0,半仓 50%,5.18,9992.1,6287.7
2026-06,OOS,SNDK / AAOI / VIAV / DOCN / INTC,SNDK:+31.3% / AAOI:-0.7% / VIAV:+1.1% / DOCN:-3.1% / INTC:+27.6%,11.25,36.1,空仓  0%,0.0,9992.1,7006.4
2026-07,OOS,SNDK / MXL / MRVL / INTC / DOCN,SNDK:-22.6% / MXL:-25.6% / MRVL:-27.0% / INTC:-23.7% / DOCN:-20.5%,-23.86,29.8,空仓  0%,-0.0,9992.1,5310.8
