month,ticker,analysis_date,close,state,weekly_state,trend,divergence,trinity_signal,confidence,trinity_buy,quant_gt_return,quant_gt_profit,verdict,action_summary,key_risk,error
2016-11,MU,2016-11-01,16.5578,中性偏弱,强,mixed,none,hold,medium,no,14.53,YES,FN,时空状态=中性偏弱 趋势排列=mixed,无Claude分析，仅供参考,
2016-11,COHR,2016-11-01,26.95,强,强,bullish,none,buy,medium,YES,8.05,YES,TP,时空状态=强 趋势排列=bullish,无Claude分析，仅供参考；实时顶背离预警：新高动能不足，注意见顶风险；风险收益比极差 0.14（至压力 $28.30,
2016-11,NVDA,2016-11-01,1.6959,强,中性偏弱,bullish,none,buy,medium,YES,28.49,YES,TP,时空状态=强 趋势排列=bullish,无Claude分析，仅供参考；重度超扩延，建议等待回踩 $1.60 附近黄金棒确认再入场；风险收益比极差 0.08（至压,
2016-11,LVS,2016-11-01,46.5244,中性偏弱,强,bullish,none,hold,medium,no,6.98,YES,FN,时空状态=中性偏弱 趋势排列=bullish,无Claude分析，仅供参考；风险收益比较差 0.24（至近端压力 $48.85 仅 2.33 点，止损距离 9.62 ,
2016-11,ADSK,2016-11-01,70.1,中性偏弱,强,bullish,top,hold,medium,no,0.51,YES,FN,时空状态=中性偏弱 趋势排列=bullish,无Claude分析，仅供参考；当前价$70.10距关键支撑$68.85仅1.8%，破位风险高，请设好止损,
2016-12,COHR,2016-12-01,29.3,中性偏弱,强,bullish,none,buy,low,YES,-0.83,no,FP,时空状态=中性偏弱 趋势排列=bullish,无Claude分析，仅供参考；实时顶背离预警：新高动能不足，注意见顶风险；风险收益比极差 0.12（至压力 $30.77,
2016-12,NVDA,2016-12-01,2.1557,中性偏弱,强,bullish,none,buy,low,YES,13.48,YES,TP,时空状态=中性偏弱 趋势排列=bullish,无Claude分析，仅供参考；重度超扩延，建议等待回踩 $1.81 附近黄金棒确认再入场；风险收益比极差 0.11（至压,
2016-12,SATS,2016-12-01,,,,,,SKIP,,,-0.1,,,,,历史数据不足（<60日）
2016-12,CFG,2016-12-01,23.7378,强,强,bullish,none,buy,medium,YES,7.59,YES,TP,时空状态=强 趋势排列=bullish,无Claude分析，仅供参考；重度超扩延，建议等待回踩 $18.69 附近黄金棒确认再入场；风险收益比极差 0.17（至,
2016-12,NFLX,2016-12-01,11.722,中性偏弱,强,bullish,none,hold,medium,no,6.38,YES,FN,时空状态=中性偏弱 趋势排列=bullish,无Claude分析，仅供参考；风险收益比较差 0.45（至近端压力 $12.75 仅 1.03 点，止损距离 2.28 ,
2017-01,NVDA,2017-01-03,2.5091,中性偏弱,强,bullish,none,buy,low,YES,5.75,YES,TP,时空状态=中性偏弱 趋势排列=bullish,无Claude分析，仅供参考；重度超扩延，建议等待回踩 $2.13 附近黄金棒确认再入场；风险收益比极差 0.11（至压,
2017-01,KEY,2017-01-03,12.1922,中性偏弱,强,bullish,none,hold,medium,no,-1.73,no,TN,时空状态=中性偏弱 趋势排列=bullish,无Claude分析，仅供参考；风险收益比极差 0.14（至近端压力 $12.80 仅 0.61 点，止损距离 4.21 ,
2017-01,CFG,2017-01-03,24.7596,中性偏弱,强,bullish,none,hold,medium,no,0.27,YES,FN,时空状态=中性偏弱 趋势排列=bullish,无Claude分析，仅供参考；风险收益比极差 0.13（至近端压力 $26.00 仅 1.24 点，止损距离 9.70 ,
2017-01,COHR,2017-01-03,29.5,中性偏弱,强,bullish,top,hold,medium,no,1.64,YES,FN,时空状态=中性偏弱 趋势排列=bullish,无Claude分析，仅供参考；当前价$29.50距关键支撑$28.90仅2.0%，破位风险高，请设好止损,
2017-01,GS,2017-01-03,198.0115,中性偏弱,强,bullish,none,hold,medium,no,-5.02,no,TN,时空状态=中性偏弱 趋势排列=bullish,无Claude分析，仅供参考；风险收益比极差 0.17（至近端压力 $207.91 仅 9.90 点，止损距离 59.4,
2017-02,NVDA,2017-02-01,2.8028,强,强,bullish,none,buy,medium,YES,-6.16,no,FP,时空状态=强 趋势排列=bullish,无Claude分析，仅供参考；重度超扩延，建议等待回踩 $2.46 附近黄金棒确认再入场；风险收益比极差 0.21（至压,
2017-02,AMD,2017-02-01,12.06,强,强,bullish,none,buy,medium,YES,38.35,YES,TP,时空状态=强 趋势排列=bullish,无Claude分析，仅供参考；重度超扩延，建议等待回踩 $10.08 附近黄金棒确认再入场；风险收益比极差 0.00（至,
2017-02,CFG,2017-02-01,25.2915,中性偏弱,强,bullish,top,hold,medium,no,5.15,YES,FN,时空状态=中性偏弱 趋势排列=bullish,无Claude分析，仅供参考,
2017-02,KEY,2017-02-01,12.0453,中性偏弱,强,bullish,none,buy,low,YES,5.0,YES,TP,时空状态=中性偏弱 趋势排列=bullish,无Claude分析，仅供参考；实时顶背离预警：新高动能不足，注意见顶风险；风险收益比极差 0.13（至压力 $12.56,
2017-02,BAC,2017-02-01,18.4719,中性偏弱,强,bullish,none,hold,medium,no,10.45,YES,FN,时空状态=中性偏弱 趋势排列=bullish,无Claude分析，仅供参考；风险收益比极差 0.03（至近端压力 $18.68 仅 0.21 点，止损距离 6.02 ,
2017-03,AMD,2017-03-01,14.96,强,强,bullish,none,buy,medium,YES,-3.18,no,FP,时空状态=强 趋势排列=bullish,无Claude分析，仅供参考；实时顶背离预警：新高动能不足，注意见顶风险；重度超扩延，建议等待回踩 $11.85 附近黄,
2017-03,NVDA,2017-03-01,2.5315,极弱,中性偏弱,mixed,top,hold,low,no,5.02,YES,FN,时空状态=极弱 趋势排列=mixed,无Claude分析，仅供参考；黄金棒（$2.64）在当前价$2.53上方4.2%，价格已跌穿黄金棒信号区，多头支撑信号已,
2017-03,BAC,2017-03-01,20.6409,强,强,bullish,none,buy,medium,YES,-6.78,no,FP,时空状态=强 趋势排列=bullish,无Claude分析，仅供参考；实时顶背离预警：新高动能不足，注意见顶风险；重度超扩延，建议等待回踩 $18.68 附近黄,
2017-03,COHR,2017-03-01,36.4,中性偏弱,强,bullish,none,buy,low,YES,-0.14,no,FP,时空状态=中性偏弱 趋势排列=bullish,无Claude分析，仅供参考；重度超扩延，建议等待回踩 $33.68 附近黄金棒确认再入场；风险收益比 0.45（近端压,
2017-03,CFG,2017-03-01,27.4402,强,中性偏弱,bullish,top,buy,medium,YES,-9.84,no,FP,时空状态=强 趋势排列=bullish,无Claude分析，仅供参考；重度超扩延，建议等待回踩 $25.12 附近黄金棒确认再入场；风险收益比 0.30（近端压,
2017-04,AMD,2017-04-03,14.64,强,强,bullish,none,buy,medium,YES,-8.01,no,FP,时空状态=强 趋势排列=bullish,无Claude分析，仅供参考；重度超扩延，建议等待回踩 $12.93 附近黄金棒确认再入场；风险收益比极差 0.11（至,
2017-04,INCY,2017-04-03,138.52,中性偏弱,强,bullish,none,hold,medium,no,-7.57,no,TN,时空状态=中性偏弱 趋势排列=bullish,无Claude分析，仅供参考；风险收益比较差 0.24（至近端压力 $152.66 仅 14.14 点，止损距离 57.,
2017-04,ANET,2017-04-03,8.2312,中性偏弱,强,bullish,none,buy,low,YES,5.95,YES,TP,时空状态=中性偏弱 趋势排列=bullish,无Claude分析，仅供参考；实时顶背离预警：新高动能不足，注意见顶风险；重度超扩延，建议等待回踩 $7.02 附近黄金,
2017-04,MU,2017-04-03,27.9279,强,强,bullish,none,buy,medium,YES,-3.8,no,FP,时空状态=强 趋势排列=bullish,无Claude分析，仅供参考；实时顶背离预警：新高动能不足，注意见顶风险；重度超扩延，建议等待回踩 $24.18 附近黄,
2017-04,TSLA,2017-04-03,19.9013,强,强,bullish,none,buy,medium,YES,9.72,YES,TP,时空状态=强 趋势排列=bullish,无Claude分析，仅供参考；重度超扩延，建议等待回踩 $17.23 附近黄金棒确认再入场；风险收益比极差 0.24（至,
2017-05,ANET,2017-05-01,8.8188,强,强,bullish,none,buy,medium,YES,5.73,YES,TP,时空状态=强 趋势排列=bullish,无Claude分析，仅供参考；重度超扩延，建议等待回踩 $7.92 附近黄金棒确认再入场；风险收益比极差 0.13（至压,
2017-05,AMD,2017-05-01,13.62,中性偏强,中性偏弱,mixed,none,hold,medium,no,-16.23,no,TN,时空状态=中性偏强 趋势排列=mixed,无Claude分析，仅供参考；风险收益比较差 0.38（至近端压力 $15.20 仅 1.58 点，止损距离 4.16 ,
2017-05,VRTX,2017-05-01,120.62,中性偏弱,强,bullish,none,hold,medium,no,4.22,YES,FN,时空状态=中性偏弱 趋势排列=bullish,无Claude分析，仅供参考；风险收益比极差 0.17（至近端压力 $127.87 仅 7.25 点，止损距离 42.4,
2017-05,TSLA,2017-05-01,21.522,强,强,bullish,none,buy,medium,YES,9.24,YES,TP,时空状态=强 趋势排列=bullish,无Claude分析，仅供参考；实时顶背离预警：新高动能不足，注意见顶风险；重度超扩延，建议等待回踩 $18.50 附近黄,
2017-05,MU,2017-05-01,27.5866,中性偏弱,中性偏弱,bullish,none,hold,medium,no,10.41,YES,FN,时空状态=中性偏弱 趋势排列=bullish,无Claude分析，仅供参考；风险收益比极差 0.10（至近端压力 $28.97 仅 1.38 点，止损距离 14.09,
2017-06,VRTX,2017-06-01,127.16,强,强,bullish,none,buy,medium,YES,4.43,YES,TP,时空状态=强 趋势排列=bullish,无Claude分析，仅供参考；实时顶背离预警：新高动能不足，注意见顶风险；风险收益比极差 0.01（至压力 $127.8,
2017-06,ANET,2017-06-01,9.2825,中性偏弱,强,bullish,none,buy,low,YES,2.39,YES,TP,时空状态=中性偏弱 趋势排列=bullish,无Claude分析，仅供参考；实时顶背离预警：新高动能不足，注意见顶风险；重度超扩延，建议等待回踩 $8.63 附近黄金,
2017-06,TSLA,2017-06-01,22.6913,强,强,bullish,top,buy,medium,YES,7.63,YES,TP,时空状态=强 趋势排列=bullish,无Claude分析，仅供参考；重度超扩延，建议等待回踩 $20.05 附近黄金棒确认再入场；风险收益比 0.37（近端压,
2017-06,LRCX,2017-06-01,13.8197,中性偏弱,强,bullish,none,buy,low,YES,-8.11,no,FP,时空状态=中性偏弱 趋势排列=bullish,无Claude分析，仅供参考；实时顶背离预警：新高动能不足，注意见顶风险；重度超扩延，建议等待回踩 $12.34 附近黄,
2017-06,ISRG,2017-06-01,102.12,强,强,bullish,none,buy,medium,YES,2.82,YES,TP,时空状态=强 趋势排列=bullish,无Claude分析，仅供参考；实时顶背离预警：新高动能不足，注意见顶风险；风险收益比极差 0.14（至压力 $107.2,
2017-07,NVDA,2017-07-03,3.435,中性偏弱,强,bullish,top,hold,medium,no,11.57,YES,FN,时空状态=中性偏弱 趋势排列=bullish,无Claude分析，仅供参考；风险收益比较差 0.44（至近端压力 $3.94 仅 0.51 点，止损距离 1.16 点,
2017-07,VRTX,2017-07-03,128.23,中性偏弱,强,bullish,none,hold,medium,no,18.18,YES,FN,时空状态=中性偏弱 趋势排列=bullish,无Claude分析，仅供参考；风险收益比极差 0.13（至近端压力 $134.64 仅 6.41 点，止损距离 50.0,
2017-07,TSLA,2017-07-03,23.508,中性偏弱,强,bullish,none,buy,low,YES,-12.76,no,FP,时空状态=中性偏弱 趋势排列=bullish,无Claude分析，仅供参考；风险收益比 0.53（近端压力 $25.56 仅 2.1 点，止损距离 3.9 点），轻仓,
2017-07,ANET,2017-07-03,9.1806,中性偏弱,中性偏弱,mixed,none,hold,medium,no,-0.42,no,TN,时空状态=中性偏弱 趋势排列=mixed,无Claude分析，仅供参考；风险收益比较差 0.24（至近端压力 $10.10 仅 0.92 点，止损距离 3.83 ,
2017-07,EA,2017-07-03,102.3056,极弱,强,bullish,top,hold,low,no,10.38,YES,FN,时空状态=极弱 趋势排列=bullish,无Claude分析，仅供参考；黄金棒（$107.26）在当前价$102.31上方4.8%，价格已跌穿黄金棒信号区，多头支,
2017-08,NVDA,2017-08-01,4.0553,中性偏弱,强,bullish,none,buy,low,YES,4.94,YES,TP,时空状态=中性偏弱 趋势排列=bullish,无Claude分析，仅供参考；重度超扩延，建议等待回踩 $3.73 附近黄金棒确认再入场；风险收益比极差 0.11（至压,
2017-08,VRTX,2017-08-01,153.2,强,强,bullish,none,buy,medium,YES,5.05,YES,TP,时空状态=强 趋势排列=bullish,无Claude分析，仅供参考；重度超扩延，建议等待回踩 $131.85 附近黄金棒确认再入场；风险收益比极差 0.17（,
2017-08,PYPL,2017-08-01,58.8305,中性偏弱,强,bullish,none,hold,medium,no,5.05,YES,FN,时空状态=中性偏弱 趋势排列=bullish,无Claude分析，仅供参考；风险收益比极差 0.13（至近端压力 $61.77 仅 2.94 点，止损距离 21.96,
2017-08,CSGP,2017-08-01,27.525,中性偏弱,强,bullish,top,hold,medium,no,3.97,YES,FN,时空状态=中性偏弱 趋势排列=bullish,无Claude分析，仅供参考；风险收益比极差 0.07（至近端压力 $27.75 仅 0.23 点，止损距离 3.40 ,
2017-08,COO,2017-08-01,61.2537,中性偏弱,强,bullish,none,buy,low,YES,-0.05,no,FP,时空状态=中性偏弱 趋势排列=bullish,无Claude分析，仅供参考；实时顶背离预警：新高动能不足，注意见顶风险；风险收益比极差 0.04（至压力 $62.18,
2017-09,NVDA,2017-09-01,4.2062,强,强,bullish,none,buy,medium,YES,6.35,YES,TP,时空状态=强 趋势排列=bullish,无Claude分析，仅供参考；重度超扩延，建议等待回踩 $3.96 附近黄金棒确认再入场；风险收益比极差 0.11（至压,
2017-09,VRTX,2017-09-01,162.24,强,强,bullish,none,buy,medium,YES,-5.93,no,FP,时空状态=强 趋势排列=bullish,无Claude分析，仅供参考；重度超扩延，建议等待回踩 $145.23 附近黄金棒确认再入场；风险收益比极差 0.21（,
2017-09,PYPL,2017-09-01,60.9323,强,强,bullish,none,buy,medium,YES,4.07,YES,TP,时空状态=强 趋势排列=bullish,无Claude分析，仅供参考；实时顶背离预警：新高动能不足，注意见顶风险；风险收益比极差 0.13（至压力 $63.98,
2017-09,BA,2017-09-01,227.8081,中性偏弱,强,bullish,none,buy,low,YES,6.25,YES,TP,时空状态=中性偏弱 趋势排列=bullish,无Claude分析，仅供参考；风险收益比极差 0.10（至压力 $239.20 仅 11.4 点，止损距离 119.3 ,
2017-09,CSGP,2017-09-01,28.702,强,强,bullish,none,buy,medium,YES,-6.36,no,FP,时空状态=强 趋势排列=bullish,无Claude分析，仅供参考；实时顶背离预警：新高动能不足，注意见顶风险；风险收益比极差 0.01（至压力 $28.83,
2017-10,REMX,2017-10-02,59.2789,中性偏弱,强,bullish,none,hold,medium,no,5.93,YES,FN,时空状态=中性偏弱 趋势排列=bullish,无Claude分析，仅供参考；风险收益比极差 0.04（至近端压力 $59.48 仅 0.20 点，止损距离 5.19 ,
2017-10,NVDA,2017-10-02,4.417,中性偏弱,中性偏弱,bullish,none,hold,medium,no,15.71,YES,FN,时空状态=中性偏弱 趋势排列=bullish,无Claude分析，仅供参考；风险收益比极差 0.16（至近端压力 $4.64 仅 0.22 点，止损距离 1.42 点,
2017-10,BA,2017-10-02,242.6522,中性偏弱,强,bullish,none,buy,low,YES,1.43,YES,TP,时空状态=中性偏弱 趋势排列=bullish,无Claude分析，仅供参考；风险收益比极差 0.09（至压力 $254.78 仅 12.1 点，止损距离 134.2 ,
2017-10,VRTX,2017-10-02,152.23,弱,中性偏弱,mixed,none,hold,medium,no,-2.57,no,TN,时空状态=弱 趋势排列=mixed,无Claude分析，仅供参考；当前价$152.23距关键支撑$148.13仅2.7%，破位风险高，请设好止损,
2017-10,FCX,2017-10-02,12.9151,弱,强,mixed,top,hold,medium,no,3.0,YES,FN,时空状态=弱 趋势排列=mixed,无Claude分析，仅供参考,
2017-11,REMX,2017-11-01,62.16,中性偏弱,强,bullish,none,hold,medium,no,3.03,YES,FN,时空状态=中性偏弱 趋势排列=bullish,无Claude分析，仅供参考；风险收益比极差 0.12（至近端压力 $65.27 仅 3.11 点，止损距离 25.78,
2017-11,MU,2017-11-01,43.2766,强,强,bullish,none,buy,medium,YES,-6.83,no,FP,时空状态=强 趋势排列=bullish,无Claude分析，仅供参考；重度超扩延，建议等待回踩 $35.66 附近黄金棒确认再入场；风险收益比极差 0.13（至,
2017-11,ABBV,2017-11-01,64.1445,中性偏弱,强,bullish,top,hold,medium,no,7.06,YES,FN,时空状态=中性偏弱 趋势排列=bullish,无Claude分析，仅供参考；风险收益比极差 0.11（至近端压力 $66.95 仅 2.80 点，止损距离 25.87,
2017-11,BA,2017-11-01,245.0314,中性偏弱,强,bullish,none,buy,low,YES,7.44,YES,TP,时空状态=中性偏弱 趋势排列=bullish,无Claude分析，仅供参考；风险收益比极差 0.03（至压力 $249.24 仅 4.2 点，止损距离 149.8 点,
2017-11,NVDA,2017-11-01,5.1128,强,强,bullish,none,buy,medium,YES,-4.78,no,FP,时空状态=强 趋势排列=bullish,无Claude分析，仅供参考；重度超扩延，建议等待回踩 $4.44 附近黄金棒确认再入场；风险收益比极差 0.14（至压,
2017-12,MU,2017-12-01,40.946,中性偏弱,强,bullish,none,buy,low,YES,-0.46,no,FP,时空状态=中性偏弱 趋势排列=bullish,无Claude分析，仅供参考；风险收益比 0.50（近端压力 $48.44 仅 7.5 点，止损距离 14.9 点），轻,
2017-12,REMX,2017-12-01,64.5875,强,强,bullish,none,buy,medium,YES,7.22,YES,TP,时空状态=强 趋势排列=bullish,无Claude分析，仅供参考；实时顶背离预警：新高动能不足，注意见顶风险；风险收益比极差 0.11（至压力 $67.82,
2017-12,IBKR,2017-12-01,13.7826,强,强,bullish,none,buy,medium,YES,3.58,YES,TP,时空状态=强 趋势排列=bullish,无Claude分析，仅供参考；实时顶背离预警：新高动能不足，注意见顶风险；重度超扩延，建议等待回踩 $11.96 附近黄,
2017-12,LRCX,2017-12-01,16.6822,极弱,强,mixed,top,buy,low,YES,-2.53,no,FP,时空状态=极弱 趋势排列=mixed,无Claude分析，仅供参考；风险收益比 0.59（近端压力 $19.44 仅 2.8 点，止损距离 4.7 点），轻仓,
2017-12,ANET,2017-12-01,14.2906,中性偏弱,强,bullish,none,buy,low,YES,1.31,YES,TP,时空状态=中性偏弱 趋势排列=bullish,无Claude分析，仅供参考；重度超扩延，建议等待回踩 $12.72 附近黄金棒确认再入场；风险收益比极差 0.06（至,
2018-01,IBKR,2018-01-02,14.1291,中性偏弱,强,bullish,none,buy,low,YES,8.2,YES,TP,时空状态=中性偏弱 趋势排列=bullish,无Claude分析，仅供参考；实时顶背离预警：新高动能不足，注意见顶风险；重度超扩延，建议等待回踩 $13.22 附近黄,
2018-01,MU,2018-01-02,42.5842,极弱,中性偏弱,bullish,none,hold,low,no,3.61,YES,FN,时空状态=极弱 趋势排列=bullish,无Claude分析，仅供参考,
2018-01,ANET,2018-01-02,14.4394,中性偏弱,强,bullish,none,buy,low,YES,16.03,YES,TP,时空状态=中性偏弱 趋势排列=bullish,无Claude分析，仅供参考；重度超扩延，建议等待回踩 $13.63 附近黄金棒确认再入场；风险收益比 0.45（近端压,
2018-01,DLTR,2018-01-02,108.69,中性偏弱,强,bullish,none,hold,medium,no,5.19,YES,FN,时空状态=中性偏弱 趋势排列=bullish,无Claude分析，仅供参考；风险收益比极差 0.16（至近端压力 $114.12 仅 5.43 点，止损距离 35.0,
2018-01,CPRT,2018-01-02,10.9,中性偏弱,强,bullish,none,buy,low,YES,1.1,YES,TP,时空状态=中性偏弱 趋势排列=bullish,无Claude分析，仅供参考；风险收益比极差 0.08（至压力 $11.45 仅 0.54 点，止损距离 6.9 点），,
2018-02,NTAP,2018-02-01,49.9898,中性偏弱,强,bullish,none,buy,low,YES,-1.21,no,FP,时空状态=中性偏弱 趋势排列=bullish,无Claude分析，仅供参考；实时顶背离预警：新高动能不足，注意见顶风险；风险收益比极差 0.12（至压力 $52.49,
2018-02,ANET,2018-02-01,17.1875,中性偏弱,强,bullish,none,buy,low,YES,-0.94,no,FP,时空状态=中性偏弱 趋势排列=bullish,无Claude分析，仅供参考；重度超扩延，建议等待回踩 $15.18 附近黄金棒确认再入场；风险收益比极差 0.19（至,
2018-02,IBKR,2018-02-01,15.8519,强,强,bullish,none,buy,medium,YES,9.08,YES,TP,时空状态=强 趋势排列=bullish,无Claude分析，仅供参考；实时顶背离预警：新高动能不足，注意见顶风险；重度超扩延，建议等待回踩 $14.21 附近黄,
2018-02,ROST,2018-02-01,75.4239,中性偏弱,强,bullish,none,hold,medium,no,-4.63,no,TN,时空状态=中性偏弱 趋势排列=bullish,无Claude分析，仅供参考；风险收益比较差 0.21（至近端压力 $79.20 仅 3.77 点，止损距离 17.89,
2018-02,KR,2018-02-01,25.2345,强,强,bullish,none,buy,medium,YES,-9.67,no,FP,时空状态=强 趋势排列=bullish,无Claude分析，仅供参考,
2018-03,NFLX,2018-03-01,29.039,强,强,bullish,none,buy,medium,YES,-0.31,no,FP,时空状态=强 趋势排列=bullish,无Claude分析，仅供参考；实时顶背离预警：新高动能不足，注意见顶风险；重度超扩延，建议等待回踩 $23.60 附近黄,
2018-03,KR,2018-03-01,23.0399,弱,强,mixed,none,hold,medium,no,-12.35,no,TN,时空状态=弱 趋势排列=mixed,无Claude分析，仅供参考；关键支撑$23.56已被跌破（当前价$23.04，跌破2.3%），结构支撑失效，多头止损参,
2018-03,AMZN,2018-03-01,74.6725,强,强,bullish,none,buy,medium,YES,-6.34,no,FP,时空状态=强 趋势排列=bullish,无Claude分析，仅供参考；实时顶背离预警：新高动能不足，注意见顶风险；风险收益比 0.38（近端压力 $78.41 ,
2018-03,DECK,2018-03-01,15.78,中性偏弱,强,bullish,none,hold,medium,no,-4.89,no,TN,时空状态=中性偏弱 趋势排列=bullish,无Claude分析，仅供参考；风险收益比极差 0.15（至近端压力 $16.57 仅 0.79 点，止损距离 5.33 ,
2018-03,NTAP,2018-03-01,48.7352,极强,中性偏弱,bullish,top,buy,low,YES,-0.49,no,FP,时空状态=极强 趋势排列=bullish,无Claude分析，仅供参考；风险收益比极差 0.13（至压力 $51.34 仅 2.6 点，止损距离 19.3 点），,
2018-04,NFLX,2018-04-02,28.029,中性偏弱,强,mixed,none,hold,medium,no,6.34,YES,FN,时空状态=中性偏弱 趋势排列=mixed,无Claude分析，仅供参考；风险收益比极差 0.11（至近端压力 $28.46 仅 0.43 点，止损距离 3.83 ,
2018-04,AMZN,2018-04-02,68.5995,极弱,中性偏弱,mixed,top,hold,low,no,10.27,YES,FN,时空状态=极弱 趋势排列=mixed,无Claude分析，仅供参考；风险收益比较差 0.34（至近端压力 $79.92 仅 11.32 点，止损距离 33.7,
2018-04,DECK,2018-04-02,14.43,弱,中性偏弱,mixed,top,hold,medium,no,3.34,YES,FN,时空状态=弱 趋势排列=mixed,无Claude分析，仅供参考；风险收益比较差 0.49（至近端压力 $16.38 仅 1.95 点，止损距离 3.98 ,
2018-04,NOW,2018-04-02,32.324,中性偏弱,强,bullish,none,buy,low,YES,0.55,YES,TP,时空状态=中性偏弱 趋势排列=bullish,无Claude分析，仅供参考；风险收益比极差 0.27（至压力 $35.07 仅 2.7 点，止损距离 10.3 点），,
2018-04,BA,2018-04-02,308.7999,弱,中性偏弱,mixed,none,hold,medium,no,2.24,YES,FN,时空状态=弱 趋势排列=mixed,无Claude分析，仅供参考,
2018-05,NFLX,2018-05-01,31.33,中性偏弱,强,bullish,top,hold,medium,no,14.01,YES,FN,时空状态=中性偏弱 趋势排列=bullish,无Claude分析，仅供参考；风险收益比较差 0.44（至近端压力 $33.14 仅 1.81 点，止损距离 4.14 ,
2018-05,DXCM,2018-05-01,18.3475,中性偏弱,强,bullish,none,hold,medium,no,21.31,YES,FN,时空状态=中性偏弱 趋势排列=bullish,无Claude分析，仅供参考；关键支撑$18.44已被跌破（当前价$18.35，跌破0.5%），结构支撑失效，多头止损参,
2018-05,FTNT,2018-05-01,11.148,中性偏弱,强,bullish,none,buy,low,YES,11.91,YES,TP,时空状态=中性偏弱 趋势排列=bullish,无Claude分析，仅供参考；实时顶背离预警：新高动能不足，注意见顶风险；风险收益比极差 0.01（至压力 $11.18,
2018-05,PANW,2018-05-01,32.3533,中性偏弱,强,bullish,top,hold,medium,no,9.51,YES,FN,时空状态=中性偏弱 趋势排列=bullish,无Claude分析，仅供参考；风险收益比极差 0.10（至近端压力 $32.73 仅 0.38 点，止损距离 3.75 ,
2018-05,NOW,2018-05-01,33.084,极弱,中性偏弱,bullish,none,hold,low,no,8.29,YES,FN,时空状态=极弱 趋势排列=bullish,无Claude分析，仅供参考；风险收益比较差 0.26（至近端压力 $35.07 仅 1.98 点，止损距离 7.74 ,
2018-06,DXCM,2018-06-01,23.05,中性偏弱,强,bullish,none,hold,medium,no,9.71,YES,FN,时空状态=中性偏弱 趋势排列=bullish,无Claude分析，仅供参考；风险收益比较差 0.25（至近端压力 $24.20 仅 1.15 点，止损距离 4.60 ,
2018-06,NFLX,2018-06-01,35.993,强,强,bullish,none,buy,medium,YES,8.93,YES,TP,时空状态=强 趋势排列=bullish,无Claude分析，仅供参考；重度超扩延，建议等待回踩 $31.83 附近黄金棒确认再入场；风险收益比极差 0.20（至,
2018-06,TTD,2018-06-01,8.664,强,强,bullish,none,buy,medium,YES,7.56,YES,TP,时空状态=强 趋势排列=bullish,无Claude分析，仅供参考；实时顶背离预警：新高动能不足，注意见顶风险；重度超扩延，建议等待回踩 $6.02 附近黄金,
2018-06,PANW,2018-06-01,34.865,强,强,bullish,none,buy,medium,YES,-2.43,no,FP,时空状态=强 趋势排列=bullish,无Claude分析，仅供参考；实时顶背离预警：新高动能不足，注意见顶风险；风险收益比极差 0.28（至压力 $36.61,
2018-06,CMG,2018-06-01,8.7724,中性偏弱,强,bullish,none,hold,medium,no,-0.81,no,TN,时空状态=中性偏弱 趋势排列=bullish,无Claude分析，仅供参考,
2018-07,TTD,2018-07-02,9.42,中性偏弱,强,bullish,none,hold,medium,no,-9.08,no,TN,时空状态=中性偏弱 趋势排列=bullish,无Claude分析，仅供参考；风险收益比极差 0.10（至近端压力 $9.89 仅 0.47 点，止损距离 4.73 点,
2018-07,DXCM,2018-07-02,24.6125,中性偏弱,强,bullish,none,hold,medium,no,-2.65,no,TN,时空状态=中性偏弱 趋势排列=bullish,无Claude分析，仅供参考；风险收益比极差 0.10（至近端压力 $25.22 仅 0.61 点，止损距离 6.16 ,
2018-07,CMG,2018-07-02,8.8564,中性偏弱,强,bullish,top,hold,medium,no,1.64,YES,FN,时空状态=中性偏弱 趋势排列=bullish,无Claude分析，仅供参考；风险收益比较差 0.47（至近端压力 $9.40 仅 0.54 点，止损距离 1.17 点,
2018-07,NFLX,2018-07-02,39.818,中性偏弱,强,bullish,none,buy,low,YES,-12.87,no,FP,时空状态=中性偏弱 趋势排列=bullish,无Claude分析，仅供参考；重度超扩延，建议等待回踩 $35.03 附近黄金棒确认再入场；风险收益比极差 0.16（至,
2018-07,ALGN,2018-07-02,340.28,中性偏弱,强,bullish,none,buy,low,YES,6.49,YES,TP,时空状态=中性偏弱 趋势排列=bullish,无Claude分析，仅供参考；实时顶背离预警：新高动能不足，注意见顶风险；风险收益比极差 0.13（至压力 $357.2,
2018-08,TTD,2018-08-01,8.684,极弱,强,mixed,top,hold,low,no,68.73,YES,FN,时空状态=极弱 趋势排列=mixed,无Claude分析，仅供参考；风险收益比较差 0.26（至近端压力 $9.73 仅 1.05 点，止损距离 4.08 点,
2018-08,W,2018-08-01,107.23,中性偏弱,强,mixed,none,hold,medium,no,23.14,YES,FN,时空状态=中性偏弱 趋势排列=mixed,无Claude分析，仅供参考；黄金棒（$126.50）在当前价$107.23上方18.0%，价格已跌穿黄金棒信号区，多头,
2018-08,AMD,2018-08-01,18.48,强,强,bullish,none,buy,medium,YES,39.69,YES,TP,时空状态=强 趋势排列=bullish,无Claude分析，仅供参考；重度超扩延，建议等待回踩 $15.57 附近黄金棒确认再入场；风险收益比极差 0.23（至,
2018-08,DXCM,2018-08-01,23.86,极弱,强,mixed,top,hold,low,no,53.12,YES,FN,时空状态=极弱 趋势排列=mixed,无Claude分析，仅供参考；黄金棒（$25.88）在当前价$23.86上方8.5%，价格已跌穿黄金棒信号区，多头支撑信,
2018-08,ALGN,2018-08-01,353.7,中性偏弱,强,bullish,none,buy,low,YES,8.41,YES,TP,时空状态=中性偏弱 趋势排列=bullish,无Claude分析，仅供参考；实时顶背离预警：新高动能不足，注意见顶风险；风险收益比极差 0.06（至压力 $362.5,
2018-09,TTD,2018-09-04,14.669,强,强,bullish,none,buy,medium,YES,6.77,YES,TP,时空状态=强 趋势排列=bullish,无Claude分析，仅供参考；重度超扩延，建议等待回踩 $10.48 附近黄金棒确认再入场；风险收益比极差 0.11（至,
2018-09,AMD,2018-09-04,28.06,强,强,bullish,none,buy,medium,YES,19.79,YES,TP,时空状态=强 趋势排列=bullish,无Claude分析，仅供参考；重度超扩延，建议等待回踩 $18.57 附近黄金棒确认再入场；风险收益比极差 0.10（至,
2018-09,DXCM,2018-09-04,36.515,强,强,bullish,none,buy,medium,YES,-2.22,no,FP,时空状态=强 趋势排列=bullish,无Claude分析，仅供参考；重度超扩延，建议等待回踩 $28.27 附近黄金棒确认再入场；风险收益比极差 0.13（至,
2018-09,W,2018-09-04,138.86,强,强,bullish,top,buy,medium,YES,10.57,YES,TP,时空状态=强 趋势排列=bullish,无Claude分析，仅供参考；重度超扩延，建议等待回踩 $120.31 附近黄金棒确认再入场；风险收益比极差 0.20（,
2018-09,ALGN,2018-09-04,385.33,强,中性偏弱,bullish,none,buy,medium,YES,1.74,YES,TP,时空状态=强 趋势排列=bullish,无Claude分析，仅供参考；风险收益比极差 0.11（至压力 $404.60 仅 19.3 点，止损距离 171.2 ,
2018-10,AMD,2018-10-01,31.42,中性偏弱,强,bullish,none,hold,medium,no,-40.01,no,TN,时空状态=中性偏弱 趋势排列=bullish,无Claude分析，仅供参考；风险收益比极差 0.07（至近端压力 $32.99 仅 1.57 点，止损距离 21.68,
2018-10,TTD,2018-10-01,14.352,中性偏弱,强,bullish,none,hold,medium,no,-17.62,no,TN,时空状态=中性偏弱 趋势排列=bullish,无Claude分析，仅供参考；风险收益比极差 0.07（至近端压力 $15.07 仅 0.72 点，止损距离 10.20,
2018-10,DXCM,2018-10-01,33.4425,中性偏弱,强,bullish,top,hold,medium,no,-5.22,no,TN,时空状态=中性偏弱 趋势排列=bullish,无Claude分析，仅供参考；风险收益比较差 0.30（至近端压力 $36.72 仅 3.27 点，止损距离 10.79,
2018-10,W,2018-10-01,143.64,中性偏弱,强,bullish,none,buy,low,YES,-35.41,no,FP,时空状态=中性偏弱 趋势排列=bullish,无Claude分析，仅供参考；重度超扩延，建议等待回踩 $128.91 附近黄金棒确认再入场；风险收益比极差 0.16（,
2018-10,FTNT,2018-10-01,18.458,中性偏弱,强,bullish,none,buy,low,YES,-11.61,no,FP,时空状态=中性偏弱 趋势排列=bullish,无Claude分析，仅供参考；重度超扩延，建议等待回踩 $15.72 附近黄金棒确认再入场；风险收益比极差 0.07（至,
2018-11,TTD,2018-11-01,12.66,中性偏强,中性偏弱,mixed,none,hold,medium,no,18.59,YES,FN,时空状态=中性偏强 趋势排列=mixed,无Claude分析，仅供参考；风险收益比较差 0.34（至近端压力 $15.57 仅 2.91 点，止损距离 8.51 ,
2018-11,DXCM,2018-11-01,34.0025,中性偏强,中性偏弱,bullish,top,buy,medium,YES,0.06,YES,TP,时空状态=中性偏强 趋势排列=bullish,无Claude分析，仅供参考；重度超扩延，建议等待回踩 $33.80 附近黄金棒确认再入场；风险收益比 0.51（近端压,
2018-11,FTNT,2018-11-01,16.738,中性偏强,中性偏弱,mixed,none,hold,medium,no,-7.24,no,TN,时空状态=中性偏强 趋势排列=mixed,无Claude分析，仅供参考；风险收益比极差 0.15（至近端压力 $18.46 仅 1.72 点，止损距离 11.19,
2018-11,W,2018-11-01,96.16,弱,中性偏弱,mixed,none,hold,medium,no,14.99,YES,FN,时空状态=弱 趋势排列=mixed,无Claude分析，仅供参考；风险收益比极差 0.04（至近端压力 $97.52 仅 1.36 点，止损距离 35.73,
2018-11,LLY,2018-11-01,97.3076,极弱,中性偏弱,bullish,none,hold,low,no,9.1,YES,FN,时空状态=极弱 趋势排列=bullish,无Claude分析，仅供参考；风险收益比较差 0.25（至近端压力 $104.16 仅 6.86 点，止损距离 27.4,
2018-12,SBUX,2018-12-03,57.2964,中性偏弱,强,bullish,none,hold,medium,no,-5.48,no,TN,时空状态=中性偏弱 趋势排列=bullish,无Claude分析，仅供参考；风险收益比较差 0.23（至近端压力 $58.02 仅 0.72 点，止损距离 3.21 ,
2018-12,MKC,2018-12-03,64.9333,中性偏弱,强,bullish,none,buy,low,YES,-8.55,no,FP,时空状态=中性偏弱 趋势排列=bullish,无Claude分析，仅供参考；实时顶背离预警：新高动能不足，注意见顶风险；风险收益比极差 0.14（至压力 $68.18,
2018-12,LLY,2018-12-03,107.463,强,强,bullish,none,buy,medium,YES,-3.25,no,FP,时空状态=强 趋势排列=bullish,无Claude分析，仅供参考；实时顶背离预警：新高动能不足，注意见顶风险；风险收益比 0.36（近端压力 $112.84,
2018-12,DXCM,2018-12-03,34.1475,中性偏强,中性偏弱,bullish,none,buy,medium,YES,-12.45,no,FP,时空状态=中性偏强 趋势排列=bullish,无Claude分析，仅供参考；重度超扩延，建议等待回踩 $33.05 附近黄金棒确认再入场；风险收益比 0.51（近端压,
2018-12,HRL,2018-12-03,36.3196,中性偏弱,强,bullish,none,buy,low,YES,-6.34,no,FP,时空状态=中性偏弱 趋势排列=bullish,无Claude分析，仅供参考；实时顶背离预警：新高动能不足，注意见顶风险；风险收益比极差 0.29（至压力 $38.14,
2019-01,SBUX,2019-01-02,54.5971,弱,中性偏弱,bullish,none,hold,medium,no,7.71,YES,FN,时空状态=弱 趋势排列=bullish,无Claude分析，仅供参考,
2019-01,MKC,2019-01-02,58.3647,弱,中性偏弱,mixed,none,hold,medium,no,-10.2,no,TN,时空状态=弱 趋势排列=mixed,无Claude分析，仅供参考,
2019-01,CHD,2019-01-02,58.8711,极弱,中性偏弱,bullish,top,hold,low,no,-0.57,no,TN,时空状态=极弱 趋势排列=bullish,无Claude分析，仅供参考；当前价$58.87距关键支撑$57.25仅2.7%，破位风险高，请设好止损,
2019-01,HRL,2019-01-02,32.962,弱,中性偏弱,mixed,top,hold,medium,no,0.12,YES,FN,时空状态=弱 趋势排列=mixed,无Claude分析，仅供参考；风险收益比极差 0.17（至近端压力 $33.49 仅 0.52 点，止损距离 3.00 ,
2019-01,TSLA,2019-01-02,20.6747,弱,强,mixed,none,hold,medium,no,-0.24,no,TN,时空状态=弱 趋势排列=mixed,无Claude分析，仅供参考；风险收益比极差 0.02（至近端压力 $20.71 仅 0.04 点，止损距离 1.57 ,
2019-02,TWLO,2019-02-01,112.88,强,强,bullish,top,buy,medium,YES,10.73,YES,TP,时空状态=强 趋势排列=bullish,无Claude分析，仅供参考；重度超扩延，建议等待回踩 $91.90 附近黄金棒确认再入场；风险收益比极差 0.14（至,
2019-02,WDAY,2019-02-01,186.06,强,强,bullish,none,buy,medium,YES,10.62,YES,TP,时空状态=强 趋势排列=bullish,无Claude分析，仅供参考；实时顶背离预警：新高动能不足，注意见顶风险；重度超扩延，建议等待回踩 $157.20 附近,
2019-02,OKTA,2019-02-01,83.56,强,强,bullish,none,buy,medium,YES,5.4,YES,TP,时空状态=强 趋势排列=bullish,无Claude分析，仅供参考；实时顶背离预警：新高动能不足，注意见顶风险；重度超扩延，建议等待回踩 $64.90 附近黄,
2019-02,SBUX,2019-02-01,57.8142,强,强,bullish,none,buy,medium,YES,2.97,YES,TP,时空状态=强 趋势排列=bullish,无Claude分析，仅供参考；风险收益比极差 0.03（至压力 $58.02 仅 0.21 点，止损距离 8.0 点），,
2019-02,CHD,2019-02-01,59.0904,弱,中性偏弱,mixed,none,hold,medium,no,1.67,YES,FN,时空状态=弱 趋势排列=mixed,无Claude分析，仅供参考,
2019-03,TWLO,2019-03-01,123.53,强,强,bullish,none,buy,medium,YES,6.76,YES,TP,时空状态=强 趋势排列=bullish,无Claude分析，仅供参考；重度超扩延，建议等待回踩 $101.33 附近黄金棒确认再入场；风险收益比极差 0.12（,
2019-03,OKTA,2019-03-01,86.43,中性偏弱,强,bullish,none,hold,medium,no,-3.5,no,TN,时空状态=中性偏弱 趋势排列=bullish,无Claude分析，仅供参考；风险收益比极差 0.13（至近端压力 $90.75 仅 4.32 点，止损距离 34.29,
2019-03,WDAY,2019-03-01,189.14,中性偏弱,强,bullish,none,buy,low,YES,-3.17,no,FP,时空状态=中性偏弱 趋势排列=bullish,无Claude分析，仅供参考；实时顶背离预警：新高动能不足，注意见顶风险；风险收益比极差 0.19（至压力 $198.6,
2019-03,KEYS,2019-03-01,85.9,强,强,bullish,none,buy,medium,YES,3.53,YES,TP,时空状态=强 趋势排列=bullish,无Claude分析，仅供参考；实时顶背离预警：新高动能不足，注意见顶风险；重度超扩延，建议等待回踩 $70.19 附近黄,
2019-03,NTNX,2019-03-01,33.7,极弱,强,bearish,none,sell,low,no,4.05,YES,FN,时空状态=极弱 趋势排列=bearish,无Claude分析，仅供参考；黄金棒（$51.96）在当前价$33.70上方54.2%，价格已跌穿黄金棒信号区，多头支撑,
2019-04,W,2019-04-01,149.0,中性偏弱,强,bullish,top,hold,medium,no,8.59,YES,FN,时空状态=中性偏弱 趋势排列=bullish,无Claude分析，仅供参考；风险收益比极差 0.02（至近端压力 $149.92 仅 0.92 点，止损距离 44.9,
2019-04,TTD,2019-04-01,20.613,中性偏弱,强,bullish,top,hold,medium,no,10.57,YES,FN,时空状态=中性偏弱 趋势排列=bullish,无Claude分析，仅供参考；风险收益比极差 0.07（至近端压力 $21.36 仅 0.74 点，止损距离 10.03,
2019-04,TWLO,2019-04-01,127.67,中性偏弱,强,bullish,none,buy,low,YES,8.07,YES,TP,时空状态=中性偏弱 趋势排列=bullish,无Claude分析，仅供参考；实时顶背离预警：新高动能不足，注意见顶风险；重度超扩延，建议等待回踩 $115.52 附近,
2019-04,KEYS,2019-04-01,89.14,中性偏弱,强,bullish,none,buy,low,YES,0.0,no,FP,时空状态=中性偏弱 趋势排列=bullish,无Claude分析，仅供参考；风险收益比极差 0.12（至压力 $93.60 仅 4.5 点，止损距离 36.4 点），,
2019-04,CMG,2019-04-01,14.1148,强,强,bullish,none,buy,medium,YES,-3.23,no,FP,时空状态=强 趋势排列=bullish,无Claude分析，仅供参考；实时顶背离预警：新高动能不足，注意见顶风险；重度超扩延，建议等待回踩 $11.91 附近黄,
2019-05,W,2019-05-01,163.53,强,强,bullish,top,buy,medium,YES,-11.79,no,FP,时空状态=强 趋势排列=bullish,无Claude分析，仅供参考；风险收益比 0.35（近端压力 $171.57 仅 8.0 点，止损距离 22.7 点），,
2019-05,TTD,2019-05-01,22.122,强,强,bullish,top,buy,medium,YES,-10.32,no,FP,时空状态=强 趋势排列=bullish,无Claude分析，仅供参考；重度超扩延，建议等待回踩 $19.56 附近黄金棒确认再入场；风险收益比极差 0.24（至,
2019-05,CMG,2019-05-01,13.7712,中性偏弱,强,bullish,none,hold,medium,no,-4.57,no,TN,时空状态=中性偏弱 趋势排列=bullish,无Claude分析，仅供参考；风险收益比极差 0.01（至近端压力 $13.85 仅 0.08 点，止损距离 5.76 ,
2019-05,CDNS,2019-05-01,68.54,强,强,bullish,none,buy,medium,YES,-9.04,no,FP,时空状态=强 趋势排列=bullish,无Claude分析，仅供参考；实时顶背离预警：新高动能不足，注意见顶风险；重度超扩延，建议等待回踩 $61.37 附近黄,
2019-05,ANET,2019-05-01,19.4037,中性偏弱,强,bullish,none,hold,medium,no,-22.61,no,TN,时空状态=中性偏弱 趋势排列=bullish,无Claude分析，仅供参考；风险收益比极差 0.05（至近端压力 $19.59 仅 0.19 点，止损距离 3.98 ,
2019-06,QCOM,2019-06-03,56.3625,弱,强,mixed,none,hold,medium,no,20.24,YES,FN,时空状态=弱 趋势排列=mixed,无Claude分析，仅供参考,
2019-06,ALGN,2019-06-03,283.32,极弱,强,mixed,none,hold,low,no,-0.78,no,TN,时空状态=极弱 趋势排列=mixed,无Claude分析，仅供参考；风险收益比极差 0.01（至近端压力 $283.97 仅 0.65 点，止损距离 50.8,
2019-06,OKTA,2019-06-03,109.03,中性偏弱,强,bullish,none,hold,medium,no,10.1,YES,FN,时空状态=中性偏弱 趋势排列=bullish,无Claude分析，仅供参考；风险收益比极差 0.10（至近端压力 $114.48 仅 5.45 点，止损距离 56.8,
2019-06,TTD,2019-06-03,19.742,中性偏强,中性偏弱,mixed,none,hold,medium,no,18.06,YES,FN,时空状态=中性偏强 趋势排列=mixed,无Claude分析，仅供参考,
2019-06,CDNS,2019-06-03,61.7,弱,中性偏弱,mixed,top,hold,medium,no,14.61,YES,FN,时空状态=弱 趋势排列=mixed,无Claude分析，仅供参考；风险收益比较差 0.38（至近端压力 $70.27 仅 8.57 点，止损距离 22.60,
2019-07,OKTA,2019-07-01,122.42,中性偏弱,强,bullish,none,hold,medium,no,4.76,YES,FN,时空状态=中性偏弱 趋势排列=bullish,无Claude分析，仅供参考；风险收益比极差 0.08（至近端压力 $128.54 仅 6.12 点，止损距离 76.0,
2019-07,QCOM,2019-07-01,66.144,强,强,bullish,none,buy,medium,YES,-14.62,no,FP,时空状态=强 趋势排列=bullish,无Claude分析，仅供参考；风险收益比 0.75（近端压力 $75.50 仅 9.4 点，止损距离 12.5 点），轻,
2019-07,IR,2019-07-01,33.4111,中性偏弱,强,bullish,top,hold,medium,no,-10.84,no,TN,时空状态=中性偏弱 趋势排列=bullish,无Claude分析，仅供参考；风险收益比极差 0.08（至近端压力 $33.88 仅 0.47 点，止损距离 5.69 ,
2019-07,VEEV,2019-07-01,163.47,中性偏弱,强,bullish,top,hold,medium,no,-0.06,no,TN,时空状态=中性偏弱 趋势排列=bullish,无Claude分析，仅供参考；风险收益比极差 0.09（至近端压力 $171.15 仅 7.68 点，止损距离 82.5,
2019-07,TTD,2019-07-01,23.377,中性偏弱,强,bullish,none,buy,low,YES,12.03,YES,TP,时空状态=中性偏弱 趋势排列=bullish,无Claude分析，仅供参考；实时顶背离预警：新高动能不足，注意见顶风险；重度超扩延，建议等待回踩 $21.76 附近黄,
2019-08,OKTA,2019-08-01,133.08,中性偏弱,强,bullish,none,hold,medium,no,-4.55,no,TN,时空状态=中性偏弱 趋势排列=bullish,无Claude分析，仅供参考；风险收益比极差 0.08（至近端压力 $139.73 仅 6.65 点，止损距离 86.6,
2019-08,VEEV,2019-08-01,165.24,中性偏弱,强,bullish,none,buy,low,YES,-3.53,no,FP,时空状态=中性偏弱 趋势排列=bullish,无Claude分析，仅供参考；风险收益比极差 0.04（至压力 $169.10 仅 3.9 点，止损距离 87.6 点）,
2019-08,BX,2019-08-01,36.979,中性偏弱,强,bullish,top,hold,medium,no,2.67,YES,FN,时空状态=中性偏弱 趋势排列=bullish,无Claude分析，仅供参考；风险收益比较差 0.22（至近端压力 $38.83 仅 1.85 点，止损距离 8.26 ,
2019-08,BR,2019-08-01,113.6454,中性偏弱,强,mixed,none,hold,medium,no,1.73,YES,FN,时空状态=中性偏弱 趋势排列=mixed,无Claude分析，仅供参考；风险收益比极差 0.17（至近端压力 $119.80 仅 6.15 点，止损距离 35.5,
2019-08,CPRT,2019-08-01,19.185,中性偏弱,强,bullish,none,buy,low,YES,-2.64,no,FP,时空状态=中性偏弱 趋势排列=bullish,无Claude分析，仅供参考；风险收益比极差 0.03（至压力 $19.42 仅 0.23 点，止损距离 8.3 点），,
2019-09,OKTA,2019-09-01,126.5,极弱,中性偏弱,mixed,none,hold,low,no,-21.86,no,TN,时空状态=极弱 趋势排列=mixed,无Claude分析，仅供参考；风险收益比极差 0.14（至近端压力 $137.92 仅 11.42 点，止损距离 80.,
2019-09,DXCM,2019-09-01,42.9025,强,强,bullish,top,buy,medium,YES,-12.0,no,FP,时空状态=强 趋势排列=bullish,无Claude分析，仅供参考；风险收益比极差 0.15（至压力 $45.05 仅 2.1 点，止损距离 14.3 点），,
2019-09,TTWO,2019-09-01,131.97,中性偏弱,强,bullish,top,hold,medium,no,-4.4,no,TN,时空状态=中性偏弱 趋势排列=bullish,无Claude分析，仅供参考；风险收益比较差 0.33（至近端压力 $138.57 仅 6.60 点，止损距离 20.0,
2019-09,HSY,2019-09-01,135.0581,中性偏弱,强,bullish,none,buy,low,YES,-2.33,no,FP,时空状态=中性偏弱 趋势排列=bullish,无Claude分析，仅供参考；风险收益比极差 0.11（至压力 $141.81 仅 6.8 点，止损距离 63.8 点）,
2019-09,BX,2019-09-01,39.3011,强,强,bullish,none,buy,medium,YES,0.45,YES,TP,时空状态=强 趋势排列=bullish,无Claude分析，仅供参考；实时顶背离预警：新高动能不足，注意见顶风险；风险收益比 0.38（近端压力 $41.27 ,
2019-10,WDC,2019-10-01,42.7912,中性偏弱,强,bullish,none,hold,medium,no,-13.73,no,TN,时空状态=中性偏弱 趋势排列=bullish,无Claude分析，仅供参考；黄金棒（$47.25）在当前价$42.79上方10.4%，价格已跌穿黄金棒信号区，多头支撑,
2019-10,KLAC,2019-10-01,14.6238,中性偏弱,强,bullish,none,buy,low,YES,5.81,YES,TP,时空状态=中性偏弱 趋势排列=bullish,无Claude分析，仅供参考；实时顶背离预警：新高动能不足，注意见顶风险；风险收益比极差 0.22（至压力 $15.36,
2019-10,DXCM,2019-10-01,37.2125,弱,中性偏弱,mixed,none,hold,medium,no,4.01,YES,FN,时空状态=弱 趋势排列=mixed,无Claude分析，仅供参考；风险收益比极差 0.02（至近端压力 $37.37 仅 0.15 点，止损距离 8.58 ,
2019-10,TGT,2019-10-01,88.111,中性偏弱,强,bullish,top,hold,medium,no,0.68,YES,FN,时空状态=中性偏弱 趋势排列=bullish,无Claude分析，仅供参考；风险收益比极差 0.19（至近端压力 $92.52 仅 4.41 点，止损距离 23.43,
2019-10,TTWO,2019-10-01,122.91,弱,中性偏弱,mixed,none,hold,medium,no,-3.13,no,TN,时空状态=弱 趋势排列=mixed,无Claude分析，仅供参考；风险收益比极差 0.17（至近端压力 $123.59 仅 0.68 点，止损距离 3.97,
2019-11,KLAC,2019-11-01,15.9292,强,强,bullish,none,buy,medium,YES,-3.63,no,FP,时空状态=强 趋势排列=bullish,无Claude分析，仅供参考；实时顶背离预警：新高动能不足，注意见顶风险；重度超扩延，建议等待回踩 $14.37 附近黄,
2019-11,TGT,2019-11-01,89.6746,中性偏弱,强,bullish,none,buy,low,YES,16.32,YES,TP,时空状态=中性偏弱 趋势排列=bullish,无Claude分析，仅供参考；实时顶背离预警：新高动能不足，注意见顶风险；风险收益比极差 0.15（至压力 $93.48,
2019-11,WDC,2019-11-01,39.6638,极弱,中性偏弱,mixed,none,hold,low,no,-2.84,no,TN,时空状态=极弱 趋势排列=mixed,无Claude分析，仅供参考；风险收益比极差 0.02（至近端压力 $40.00 仅 0.33 点，止损距离 14.28,
2019-11,LRCX,2019-11-01,25.7601,强,强,bullish,top,buy,medium,YES,-2.67,no,FP,时空状态=强 趋势排列=bullish,无Claude分析，仅供参考；重度超扩延，建议等待回踩 $21.51 附近黄金棒确认再入场；风险收益比极差 0.24（至,
2019-11,DG,2019-11-01,145.0476,中性偏弱,强,bullish,top,hold,medium,no,-1.98,no,TN,时空状态=中性偏弱 趋势排列=bullish,无Claude分析，仅供参考；风险收益比极差 0.12（至近端压力 $148.59 仅 3.54 点，止损距离 29.0,
2019-12,TSLA,2019-12-02,22.3247,中性偏弱,强,bullish,top,hold,medium,no,28.87,YES,FN,时空状态=中性偏弱 趋势排列=bullish,无Claude分析，仅供参考；黄金棒（$23.97）在当前价$22.32上方7.4%，价格已跌穿黄金棒信号区，多头支撑信,
2019-12,LRCX,2019-12-02,24.3419,中性偏弱,强,bullish,top,hold,medium,no,10.99,YES,FN,时空状态=中性偏弱 趋势排列=bullish,无Claude分析，仅供参考；风险收益比较差 0.27（至近端压力 $26.26 仅 1.92 点，止损距离 7.05 ,
2019-12,KLAC,2019-12-02,14.9517,极弱,中性偏弱,mixed,top,hold,low,no,10.27,YES,FN,时空状态=极弱 趋势排列=mixed,无Claude分析，仅供参考；风险收益比较差 0.42（至近端压力 $16.51 仅 1.56 点，止损距离 3.68 ,
2019-12,MPC,2019-12-02,50.0429,弱,强,mixed,none,hold,medium,no,0.0,no,TN,时空状态=弱 趋势排列=mixed,无Claude分析，仅供参考；风险收益比极差 0.13（至近端压力 $50.75 仅 0.71 点，止损距离 5.53 ,
2019-12,TGT,2019-12-02,103.7264,强,强,bullish,none,buy,medium,YES,2.42,YES,TP,时空状态=强 趋势排列=bullish,无Claude分析，仅供参考；重度超扩延，建议等待回踩 $93.04 附近黄金棒确认再入场；风险收益比极差 0.13（至,
2020-01,TSLA,2020-01-02,28.684,强,强,bullish,top,buy,medium,YES,58.69,YES,TP,时空状态=强 趋势排列=bullish,无Claude分析，仅供参考；重度超扩延，建议等待回踩 $22.82 附近黄金棒确认再入场；风险收益比极差 0.19（至,
2020-01,ALGN,2020-01-02,283.68,中性偏弱,强,bullish,none,hold,medium,no,-8.43,no,TN,时空状态=中性偏弱 趋势排列=bullish,无Claude分析，仅供参考；当前价$283.68距关键支撑$283.32仅0.1%，破位风险高，请设好止损,
2020-01,STT,2020-01-02,65.7773,中性偏弱,强,bullish,none,hold,medium,no,-4.22,no,TN,时空状态=中性偏弱 趋势排列=bullish,无Claude分析，仅供参考,
2020-01,DXCM,2020-01-02,54.845,中性偏弱,强,bullish,top,hold,medium,no,10.29,YES,FN,时空状态=中性偏弱 趋势排列=bullish,无Claude分析，仅供参考；风险收益比极差 0.12（至近端压力 $57.30 仅 2.45 点，止损距离 19.62,
2020-01,AMD,2020-01-02,49.1,强,强,bullish,none,buy,medium,YES,-0.98,no,FP,时空状态=强 趋势排列=bullish,无Claude分析，仅供参考；重度超扩延，建议等待回踩 $38.47 附近黄金棒确认再入场；风险收益比极差 0.11（至,
2020-02,TSLA,2020-02-03,52.0,强,强,bullish,none,buy,medium,YES,5.59,YES,TP,时空状态=强 趋势排列=bullish,无Claude分析，仅供参考；重度超扩延，建议等待回踩 $29.01 附近黄金棒确认再入场；风险收益比极差 0.08（至,
2020-02,AMD,2020-02-03,48.02,中性偏弱,强,bullish,none,buy,low,YES,2.2,YES,TP,时空状态=中性偏弱 趋势排列=bullish,无Claude分析，仅供参考；实时顶背离预警：新高动能不足，注意见顶风险；重度超扩延，建议等待回踩 $44.41 附近黄,
2020-02,ALGN,2020-02-03,253.02,弱,强,mixed,none,hold,medium,no,-14.99,no,TN,时空状态=弱 趋势排列=mixed,无Claude分析，仅供参考；风险收益比较差 0.35（至近端压力 $263.35 仅 10.33 点，止损距离 29.,
2020-02,Z,2020-02-03,46.58,中性偏弱,强,bullish,top,hold,medium,no,19.93,YES,FN,时空状态=中性偏弱 趋势排列=bullish,无Claude分析，仅供参考；风险收益比较差 0.45（至近端压力 $51.35 仅 4.77 点，止损距离 10.63,
2020-02,ZG,2020-02-03,46.59,中性偏弱,强,bullish,top,hold,medium,no,20.12,YES,FN,时空状态=中性偏弱 趋势排列=bullish,无Claude分析，仅供参考；风险收益比较差 0.41（至近端压力 $50.88 仅 4.29 点，止损距离 10.52,
2020-03,TSLA,2020-03-02,49.5747,中性偏弱,强,bullish,none,hold,medium,no,-29.14,no,TN,时空状态=中性偏弱 趋势排列=bullish,无Claude分析，仅供参考；黄金棒（$57.23）在当前价$49.57上方15.4%，价格已跌穿黄金棒信号区，多头支撑,
2020-03,ZG,2020-03-02,54.62,中性偏弱,强,bullish,none,hold,medium,no,-42.67,no,TN,时空状态=中性偏弱 趋势排列=bullish,无Claude分析，仅供参考,
2020-03,Z,2020-03-02,54.4,中性偏弱,强,bullish,none,hold,medium,no,-39.58,no,TN,时空状态=中性偏弱 趋势排列=bullish,无Claude分析，仅供参考；风险收益比较差 0.49（至近端压力 $63.53 仅 9.13 点，止损距离 18.45,
2020-03,AMD,2020-03-02,47.46,极弱,中性偏弱,mixed,none,hold,low,no,-6.83,no,TN,时空状态=极弱 趋势排列=mixed,无Claude分析，仅供参考,
2020-03,DXCM,2020-03-02,71.4325,中性偏弱,强,bullish,none,buy,low,YES,-8.13,no,FP,时空状态=中性偏弱 趋势排列=bullish,无Claude分析，仅供参考；重度超扩延，建议等待回踩 $60.25 附近黄金棒确认再入场；风险收益比极差 0.19（至,
2020-04,TSLA,2020-04-01,32.104,中性偏强,中性偏弱,mixed,none,hold,medium,no,49.79,YES,FN,时空状态=中性偏强 趋势排列=mixed,无Claude分析，仅供参考,
2020-04,DXCM,2020-04-01,63.7025,极强,中性偏弱,bullish,none,buy,low,YES,29.54,YES,TP,时空状态=极强 趋势排列=bullish,无Claude分析，仅供参考；风险收益比 0.81（近端压力 $75.63 仅 11.9 点，止损距离 14.7 点），,
2020-04,AMD,2020-04-01,43.66,中性偏强,中性偏弱,mixed,bottom,hold,medium,no,15.6,YES,FN,时空状态=中性偏强 趋势排列=mixed,无Claude分析，仅供参考；关键支撑$44.01已被跌破（当前价$43.66，跌破0.8%），结构支撑失效，多头止损参,
2020-04,NFLX,2020-04-01,36.408,极强,强,bullish,none,buy,low,YES,10.37,YES,TP,时空状态=极强 趋势排列=bullish,无Claude分析，仅供参考；当前价$36.41距关键支撑$36.01仅1.1%，破位风险高，请设好止损,
2020-04,QQQ,2020-04-01,175.8768,中性偏强,极弱,mixed,none,hold,medium,no,16.09,YES,FN,时空状态=中性偏强 趋势排列=mixed,无Claude分析，仅供参考；当前价$175.88距关键支撑$173.26仅1.5%，破位风险高，请设好止损,
2020-05,ZM,2020-05-01,138.56,中性偏弱,强,bullish,none,hold,medium,no,34.69,YES,FN,时空状态=中性偏弱 趋势排列=bullish,无Claude分析，仅供参考；黄金棒（$150.06）在当前价$138.56上方8.3%，价格已跌穿黄金棒信号区，多头支,
2020-05,TSLA,2020-05-01,46.7547,强,中性偏弱,bullish,none,buy,medium,YES,13.65,YES,TP,时空状态=强 趋势排列=bullish,无Claude分析，仅供参考；重度超扩延，建议等待回踩 $43.49 附近黄金棒确认再入场；风险收益比 0.90（近端压,
2020-05,DXCM,2020-05-01,85.38,强,强,bullish,none,buy,medium,YES,15.56,YES,TP,时空状态=强 趋势排列=bullish,无Claude分析，仅供参考；实时顶背离预警：新高动能不足，注意见顶风险；重度超扩延，建议等待回踩 $69.00 附近黄,
2020-05,NEM,2020-05-01,51.0963,中性偏弱,强,bullish,none,buy,low,YES,0.51,YES,TP,时空状态=中性偏弱 趋势排列=bullish,无Claude分析，仅供参考；重度超扩延，建议等待回踩 $42.47 附近黄金棒确认再入场；风险收益比极差 0.12（至,
2020-05,TLT,2020-05-01,139.1912,中性偏弱,强,bullish,none,buy,low,YES,-3.22,no,FP,时空状态=中性偏弱 趋势排列=bullish,无Claude分析，仅供参考；风险收益比极差 0.10（至压力 $141.57 仅 2.4 点，止损距离 23.5 点）,
2020-06,ZM,2020-06-01,204.15,强,强,bullish,none,buy,medium,YES,37.21,YES,TP,时空状态=强 趋势排列=bullish,无Claude分析，仅供参考；实时顶背离预警：新高动能不足，注意见顶风险；重度超扩延，建议等待回踩 $148.15 附近,
2020-06,W,2020-06-01,167.12,中性偏弱,强,bullish,none,hold,medium,no,14.08,YES,FN,时空状态=中性偏弱 趋势排列=bullish,无Claude分析，仅供参考；风险收益比较差 0.25（至近端压力 $171.57 仅 4.45 点，止损距离 17.9,
2020-06,DXCM,2020-06-01,94.675,中性偏弱,强,bullish,none,buy,low,YES,6.91,YES,TP,时空状态=中性偏弱 趋势排列=bullish,无Claude分析，仅供参考；重度超扩延，建议等待回踩 $79.20 附近黄金棒确认再入场；风险收益比极差 0.22（至,
2020-06,NEM,2020-06-01,50.6774,中性偏弱,强,bullish,top,hold,medium,no,4.78,YES,FN,时空状态=中性偏弱 趋势排列=bullish,无Claude分析，仅供参考；风险收益比较差 0.43（至近端压力 $56.89 仅 6.21 点，止损距离 14.51,
2020-06,TWLO,2020-06-01,199.0,中性偏弱,强,bullish,none,hold,medium,no,11.41,YES,FN,时空状态=中性偏弱 趋势排列=bullish,无Claude分析，仅供参考；风险收益比极差 0.12（至近端压力 $208.62 仅 9.62 点，止损距离 78.2,
2020-07,W,2020-07-01,219.19,中性偏弱,强,bullish,none,hold,medium,no,38.67,YES,FN,时空状态=中性偏弱 趋势排列=bullish,无Claude分析，仅供参考；风险收益比较差 0.20（至近端压力 $230.15 仅 10.96 点，止损距离 53.,
2020-07,ZM,2020-07-01,259.13,中性偏弱,强,bullish,none,hold,medium,no,2.18,YES,FN,时空状态=中性偏弱 趋势排列=bullish,无Claude分析，仅供参考；风险收益比极差 0.10（至近端压力 $272.09 仅 12.96 点，止损距离 128,
2020-07,TWLO,2020-07-01,227.77,中性偏弱,强,bullish,none,hold,medium,no,29.36,YES,FN,时空状态=中性偏弱 趋势排列=bullish,无Claude分析，仅供参考；风险收益比较差 0.25（至近端压力 $239.16 仅 11.39 点，止损距离 45.,
2020-07,DXCM,2020-07-01,100.0525,中性偏弱,强,bullish,none,buy,low,YES,7.75,YES,TP,时空状态=中性偏弱 趋势排列=bullish,无Claude分析，仅供参考；重度超扩延，建议等待回踩 $93.42 附近黄金棒确认再入场；风险收益比 0.32（近端压,
2020-07,CVNA,2020-07-01,25.076,中性偏弱,强,bullish,top,hold,medium,no,31.08,YES,FN,时空状态=中性偏弱 趋势排列=bullish,无Claude分析，仅供参考；风险收益比极差 0.14（至近端压力 $25.52 仅 0.45 点，止损距离 3.30 ,
2020-08,W,2020-08-03,287.28,强,强,bullish,none,buy,medium,YES,9.27,YES,TP,时空状态=强 趋势排列=bullish,无Claude分析，仅供参考；实时顶背离预警：新高动能不足，注意见顶风险；重度超扩延，建议等待回踩 $201.76 附近,
2020-08,TWLO,2020-08-03,286.33,强,强,bullish,none,buy,medium,YES,-2.77,no,FP,时空状态=强 趋势排列=bullish,无Claude分析，仅供参考；重度超扩延，建议等待回踩 $220.62 附近黄金棒确认再入场；风险收益比极差 0.20（,
2020-08,CVNA,2020-08-03,31.898,强,强,bullish,none,buy,medium,YES,37.23,YES,TP,时空状态=强 趋势排列=bullish,无Claude分析，仅供参考；实时顶背离预警：新高动能不足，注意见顶风险；重度超扩延，建议等待回踩 $24.56 附近黄,
2020-08,TSLA,2020-08-03,99.0,中性偏弱,强,bullish,none,buy,low,YES,73.25,YES,TP,时空状态=中性偏弱 趋势排列=bullish,无Claude分析，仅供参考；重度超扩延，建议等待回踩 $76.32 附近黄金棒确认再入场；风险收益比极差 0.20（至,
2020-08,ZM,2020-08-03,268.0,中性偏弱,强,bullish,none,hold,medium,no,71.13,YES,FN,时空状态=中性偏弱 趋势排列=bullish,无Claude分析，仅供参考；风险收益比极差 0.10（至近端压力 $281.40 仅 13.40 点，止损距离 136,
2020-09,W,2020-09-01,306.83,中性偏弱,强,bullish,none,hold,medium,no,-0.5,no,TN,时空状态=中性偏弱 趋势排列=bullish,无Claude分析，仅供参考；风险收益比极差 0.10（至近端压力 $322.17 仅 15.34 点，止损距离 157,
2020-09,TSLA,2020-09-01,158.35,强,强,bullish,none,buy,medium,YES,-12.22,no,FP,时空状态=强 趋势排列=bullish,无Claude分析，仅供参考；重度超扩延，建议等待回踩 $100.94 附近黄金棒确认再入场；风险收益比极差 0.11（,
2020-09,CVNA,2020-09-01,45.438,强,强,bullish,none,buy,medium,YES,5.66,YES,TP,时空状态=强 趋势排列=bullish,无Claude分析，仅供参考；实时顶背离预警：新高动能不足，注意见顶风险；重度超扩延，建议等待回踩 $32.02 附近黄,
2020-09,TWLO,2020-09-01,273.24,强,强,bullish,none,buy,medium,YES,-8.9,no,FP,时空状态=强 趋势排列=bullish,无Claude分析，仅供参考；重度超扩延，建议等待回踩 $243.94 附近黄金棒确认再入场；风险收益比 0.32（近端,
2020-09,TTD,2020-09-01,50.139,强,强,bullish,none,buy,medium,YES,8.9,YES,TP,时空状态=强 趋势排列=bullish,无Claude分析，仅供参考；实时顶背离预警：新高动能不足，注意见顶风险；重度超扩延，建议等待回踩 $44.53 附近黄,
2020-10,TSLA,2020-10-01,149.3867,中性偏弱,强,bullish,none,buy,low,YES,-10.61,no,FP,时空状态=中性偏弱 趋势排列=bullish,无Claude分析，仅供参考；重度超扩延，建议等待回踩 $123.19 附近黄金棒确认再入场；风险收益比极差 0.02（,
2020-10,CVNA,2020-10-01,47.62,强,强,bullish,none,buy,medium,YES,-17.64,no,FP,时空状态=强 趋势排列=bullish,无Claude分析，仅供参考；重度超扩延，建议等待回踩 $37.27 附近黄金棒确认再入场；风险收益比极差 0.15（至,
2020-10,ZM,2020-10-01,482.99,中性偏弱,强,bullish,none,hold,medium,no,-3.08,no,TN,时空状态=中性偏弱 趋势排列=bullish,无Claude分析，仅供参考；风险收益比极差 0.08（至近端压力 $507.14 仅 24.15 点，止损距离 310,
2020-10,W,2020-10-01,317.38,强,中性偏弱,bullish,top,buy,medium,YES,-15.92,no,FP,时空状态=强 趋势排列=bullish,无Claude分析，仅供参考；重度超扩延，建议等待回踩 $284.12 附近黄金棒确认再入场；风险收益比 0.34（近端,
2020-10,ZG,2020-10-01,107.56,强,强,bullish,none,buy,medium,YES,-13.68,no,FP,时空状态=强 趋势排列=bullish,无Claude分析，仅供参考；重度超扩延，建议等待回踩 $81.59 附近黄金棒确认再入场；风险收益比极差 0.18（至,
2020-11,ZM,2020-11-02,453.0,中性偏弱,强,bullish,none,hold,medium,no,-5.96,no,TN,时空状态=中性偏弱 趋势排列=bullish,无Claude分析，仅供参考；风险收益比极差 0.02（至近端压力 $457.69 仅 4.69 点，止损距离 240.,
2020-11,TSLA,2020-11-02,133.5033,极弱,中性偏弱,mixed,none,hold,low,no,51.68,YES,FN,时空状态=极弱 趋势排列=mixed,无Claude分析，仅供参考；黄金棒（$148.88）在当前价$133.50上方11.5%，价格已跌穿黄金棒信号区，多头,
2020-11,PINS,2020-11-02,58.38,强,强,bullish,none,buy,medium,YES,20.19,YES,TP,时空状态=强 趋势排列=bullish,无Claude分析，仅供参考；重度超扩延，建议等待回踩 $41.33 附近黄金棒确认再入场；风险收益比极差 0.12（至,
2020-11,ZG,2020-11-02,89.79,极弱,中性偏弱,mixed,none,hold,low,no,23.91,YES,FN,时空状态=极弱 趋势排列=mixed,无Claude分析，仅供参考；风险收益比较差 0.35（至近端压力 $110.26 仅 20.47 点，止损距离 58.,
2020-11,Z,2020-11-02,89.16,弱,中性偏弱,mixed,none,hold,medium,no,22.51,YES,FN,时空状态=弱 趋势排列=mixed,无Claude分析，仅供参考；风险收益比较差 0.36（至近端压力 $110.11 仅 20.95 点，止损距离 57.,
2020-12,PINS,2020-12-01,68.21,中性偏弱,强,bullish,none,hold,medium,no,-6.92,no,TN,时空状态=中性偏弱 趋势排列=bullish,无Claude分析，仅供参考；风险收益比极差 0.08（至近端压力 $71.62 仅 3.41 点，止损距离 45.12,
2020-12,SNAP,2020-12-01,44.5,中性偏弱,强,bullish,none,buy,low,YES,12.34,YES,TP,时空状态=中性偏弱 趋势排列=bullish,无Claude分析，仅供参考；重度超扩延，建议等待回踩 $34.42 附近黄金棒确认再入场；风险收益比极差 0.12（至,
2020-12,ZM,2020-12-01,406.31,中性偏强,中性偏弱,mixed,none,hold,medium,no,-21.7,no,TN,时空状态=中性偏强 趋势排列=mixed,无Claude分析，仅供参考,
2020-12,TTD,2020-12-01,89.013,强,强,bullish,top,buy,medium,YES,-10.85,no,FP,时空状态=强 趋势排列=bullish,无Claude分析，仅供参考；实时顶背离预警：新高动能不足，注意见顶风险；重度超扩延，建议等待回踩 $63.56 附近黄,
2020-12,ROKU,2020-12-01,285.71,强,强,bullish,top,buy,medium,YES,17.03,YES,TP,时空状态=强 趋势排列=bullish,无Claude分析，仅供参考；重度超扩延，建议等待回踩 $219.94 附近黄金棒确认再入场；风险收益比极差 0.16（,
2021-01,SNAP,2021-01-04,49.59,中性偏弱,强,bullish,none,buy,low,YES,7.06,YES,TP,时空状态=中性偏弱 趋势排列=bullish,无Claude分析，仅供参考；实时顶背离预警：新高动能不足，注意见顶风险；重度超扩延，建议等待回踩 $44.34 附近黄,
2021-01,PINS,2021-01-04,68.07,中性偏弱,强,bullish,none,hold,medium,no,5.47,YES,FN,时空状态=中性偏弱 趋势排列=bullish,无Claude分析，仅供参考；风险收益比极差 0.08（至近端压力 $71.47 仅 3.40 点，止损距离 44.98,
2021-01,MSTR,2021-01-04,42.522,强,强,bullish,none,buy,medium,YES,49.0,YES,TP,时空状态=强 趋势排列=bullish,无Claude分析，仅供参考；实时顶背离预警：新高动能不足，注意见顶风险；重度超扩延，建议等待回踩 $25.08 附近黄,
2021-01,TTD,2021-01-04,77.343,极弱,强,mixed,none,buy,low,YES,-2.02,no,FP,时空状态=极弱 趋势排列=mixed,无Claude分析，仅供参考；重度超扩延，建议等待回踩 $78.34 附近黄金棒确认再入场；风险收益比极差 0.07（至,
2021-01,ROKU,2021-01-04,317.9,中性偏弱,强,bullish,none,buy,low,YES,16.28,YES,TP,时空状态=中性偏弱 趋势排列=bullish,无Claude分析，仅供参考；重度超扩延，建议等待回踩 $271.70 附近黄金棒确认再入场；风险收益比 0.35（近端,
2021-02,ARWR,2021-02-01,79.76,中性偏弱,强,bullish,none,buy,low,YES,3.99,YES,TP,时空状态=中性偏弱 趋势排列=bullish,无Claude分析，仅供参考；重度超扩延，建议等待回踩 $74.55 附近黄金棒确认再入场；风险收益比 0.60（近端压,
2021-02,QQQ,2021-02-01,312.1483,中性偏弱,强,bullish,none,buy,low,YES,0.36,YES,TP,时空状态=中性偏弱 趋势排列=bullish,无Claude分析，仅供参考；实时顶背离预警：新高动能不足，注意见顶风险；风险收益比极差 0.01（至压力 $312.7,
2021-02,SPY,2021-02-01,349.3453,中性偏弱,强,bullish,none,buy,low,YES,3.18,YES,TP,时空状态=中性偏弱 趋势排列=bullish,无Claude分析，仅供参考；实时顶背离预警：新高动能不足，注意见顶风险；风险收益比极差 0.19（至压力 $359.9,
2021-02,GH,2021-02-01,155.41,中性偏弱,强,bullish,none,hold,medium,no,-3.75,no,TN,时空状态=中性偏弱 趋势排列=bullish,无Claude分析，仅供参考；风险收益比较差 0.21（至近端压力 $163.34 仅 7.93 点，止损距离 37.4,
2021-02,PODD,2021-02-01,263.75,中性偏弱,强,bullish,none,buy,low,YES,-3.13,no,FP,时空状态=中性偏弱 趋势排列=bullish,无Claude分析，仅供参考；风险收益比 0.54（近端压力 $293.05 仅 29.3 点，止损距离 54.3 点）,
2021-03,ARWR,2021-03-01,83.78,中性偏弱,中性偏弱,bullish,top,hold,medium,no,-17.14,no,TN,时空状态=中性偏弱 趋势排列=bullish,无Claude分析，仅供参考；风险收益比极差 0.12（至近端压力 $85.37 仅 1.59 点，止损距离 13.33,
2021-03,GH,2021-03-01,152.14,中性偏弱,强,bullish,none,buy,low,YES,3.02,YES,TP,时空状态=中性偏弱 趋势排列=bullish,无Claude分析，仅供参考；重度超扩延，建议等待回踩 $148.06 附近黄金棒确认再入场；黄金棒（$160.15）在,
2021-03,SWKS,2021-03-01,160.9424,中性偏弱,强,bullish,top,hold,medium,no,2.71,YES,FN,时空状态=中性偏弱 趋势排列=bullish,无Claude分析，仅供参考；风险收益比极差 0.15（至近端压力 $167.57 仅 6.63 点，止损距离 44.6,
2021-03,CGNX,2021-03-01,82.4436,极弱,中性偏弱,bullish,none,hold,low,no,-0.71,no,TN,时空状态=极弱 趋势排列=bullish,无Claude分析，仅供参考；风险收益比较差 0.31（至近端压力 $90.88 仅 8.44 点，止损距离 27.14,
2021-03,WAT,2021-03-01,277.04,中性偏弱,强,bullish,top,hold,medium,no,3.16,YES,FN,时空状态=中性偏弱 趋势排列=bullish,无Claude分析，仅供参考；风险收益比较差 0.20（至近端压力 $291.31 仅 14.27 点，止损距离 70.,
2021-04,MSTR,2021-04-01,70.356,弱,中性偏弱,mixed,none,hold,medium,no,-2.11,no,TN,时空状态=弱 趋势排列=mixed,无Claude分析，仅供参考,
2021-04,SWKS,2021-04-01,162.0127,强,强,bullish,top,buy,medium,YES,-2.15,no,FP,时空状态=强 趋势排列=bullish,无Claude分析，仅供参考；风险收益比极差 0.21（至压力 $167.57 仅 5.6 点，止损距离 27.0 点）,
2021-04,J,2021-04-01,102.8597,强,强,bullish,top,buy,medium,YES,3.84,YES,TP,时空状态=强 趋势排列=bullish,无Claude分析，仅供参考；实时顶背离预警：新高动能不足，注意见顶风险；风险收益比极差 0.20（至压力 $108.0,
2021-04,WAT,2021-04-01,284.72,强,中性偏弱,bullish,top,buy,medium,YES,6.22,YES,TP,时空状态=强 趋势排列=bullish,无Claude分析，仅供参考；风险收益比极差 0.21（至压力 $291.31 仅 6.6 点，止损距离 30.9 点）,
2021-04,GH,2021-04-01,156.99,中性偏强,中性偏弱,bullish,top,buy,medium,YES,3.32,YES,TP,时空状态=中性偏强 趋势排列=bullish,无Claude分析，仅供参考；风险收益比 0.45（近端压力 $163.34 仅 6.3 点，止损距离 14.0 点），,
2021-05,J,2021-05-03,107.4427,中性偏弱,强,bullish,top,hold,medium,no,6.3,YES,FN,时空状态=中性偏弱 趋势排列=bullish,无Claude分析，仅供参考；风险收益比极差 0.18（至近端压力 $112.81 仅 5.37 点，止损距离 30.0,
2021-05,SWKS,2021-05-03,152.2073,中性偏弱,中性偏弱,mixed,top,hold,medium,no,-6.03,no,TN,时空状态=中性偏弱 趋势排列=mixed,无Claude分析，仅供参考；黄金棒（$164.56）在当前价$152.21上方8.1%，价格已跌穿黄金棒信号区，多头支,
2021-05,CARR,2021-05-03,40.3828,中性偏弱,强,bullish,none,hold,medium,no,5.64,YES,FN,时空状态=中性偏弱 趋势排列=bullish,无Claude分析，仅供参考；风险收益比较差 0.24（至近端压力 $42.40 仅 2.02 点，止损距离 8.45 ,
2021-05,WAT,2021-05-03,301.67,中性偏弱,强,bullish,top,hold,medium,no,6.87,YES,FN,时空状态=中性偏弱 趋势排列=bullish,无Claude分析，仅供参考；风险收益比较差 0.31（至近端压力 $316.75 仅 15.08 点，止损距离 47.,
2021-05,QQQ,2021-05-03,325.8907,中性偏弱,中性偏弱,bullish,top,hold,medium,no,-1.16,no,TN,时空状态=中性偏弱 趋势排列=bullish,无Claude分析，仅供参考；风险收益比极差 0.12（至近端压力 $331.21 仅 5.32 点，止损距离 44.2,
2021-06,J,2021-06-01,112.8276,强,强,bullish,none,buy,medium,YES,-6.28,no,FP,时空状态=强 趋势排列=bullish,无Claude分析，仅供参考；实时顶背离预警：新高动能不足，注意见顶风险；风险收益比极差 0.16（至压力 $118.4,
2021-06,CARR,2021-06-01,43.5328,强,强,bullish,none,buy,medium,YES,4.31,YES,TP,时空状态=强 趋势排列=bullish,无Claude分析，仅供参考；风险收益比极差 0.19（至压力 $45.71 仅 2.2 点，止损距离 11.6 点），,
2021-06,WAT,2021-06-01,318.5,强,强,bullish,top,buy,medium,YES,7.11,YES,TP,时空状态=强 趋势排列=bullish,无Claude分析，仅供参考；风险收益比极差 0.25（至压力 $334.43 仅 15.9 点，止损距离 64.7 点,
2021-06,NUE,2021-06-01,102.3697,中性偏弱,强,bullish,none,hold,medium,no,-7.62,no,TN,时空状态=中性偏弱 趋势排列=bullish,无Claude分析，仅供参考；风险收益比极差 0.09（至近端压力 $107.49 仅 5.12 点，止损距离 58.9,
2021-06,SPY,2021-06-01,390.9575,强,中性偏弱,bullish,none,buy,medium,YES,1.49,YES,TP,时空状态=强 趋势排列=bullish,无Claude分析，仅供参考；实时顶背离预警：新高动能不足，注意见顶风险；风险收益比极差 0.10（至压力 $400.4,
2021-07,NUE,2021-07-01,89.7267,弱,中性偏弱,bullish,top,hold,medium,no,7.94,YES,FN,时空状态=弱 趋势排列=bullish,无Claude分析，仅供参考；风险收益比较差 0.27（至近端压力 $102.37 仅 12.64 点，止损距离 46.,
2021-07,J,2021-07-01,106.47,弱,中性偏弱,mixed,top,hold,medium,no,1.06,YES,FN,时空状态=弱 趋势排列=mixed,无Claude分析，仅供参考；风险收益比较差 0.25（至近端压力 $113.68 仅 7.21 点，止损距离 29.0,
2021-07,CARR,2021-07-01,45.4164,强,强,bullish,none,buy,medium,YES,13.74,YES,TP,时空状态=强 趋势排列=bullish,无Claude分析，仅供参考；风险收益比极差 0.17（至压力 $47.69 仅 2.3 点，止损距离 13.5 点），,
2021-07,WAT,2021-07-01,351.18,中性偏弱,强,bullish,none,buy,low,YES,12.97,YES,TP,时空状态=中性偏弱 趋势排列=bullish,无Claude分析，仅供参考；实时顶背离预警：新高动能不足，注意见顶风险；风险收益比极差 0.18（至压力 $368.7,
2021-07,QQQ,2021-07-01,344.1064,强,强,bullish,top,buy,medium,YES,3.45,YES,TP,时空状态=强 趋势排列=bullish,无Claude分析，仅供参考；风险收益比极差 0.28（至压力 $361.31 仅 17.2 点，止损距离 62.4 点,
2021-08,MRNA,2021-08-02,346.61,强,强,bullish,none,buy,medium,YES,6.34,YES,TP,时空状态=强 趋势排列=bullish,无Claude分析，仅供参考；实时顶背离预警：新高动能不足，注意见顶风险；重度超扩延，建议等待回踩 $233.05 附近,
2021-08,NET,2021-08-02,118.59,强,强,bullish,none,buy,medium,YES,0.61,YES,TP,时空状态=强 趋势排列=bullish,无Claude分析，仅供参考；实时顶背离预警：新高动能不足，注意见顶风险；重度超扩延，建议等待回踩 $97.80 附近黄,
2021-08,NVDA,2021-08-02,19.6819,中性偏弱,强,bullish,top,hold,medium,no,14.16,YES,FN,时空状态=中性偏弱 趋势排列=bullish,无Claude分析，仅供参考；风险收益比极差 0.15（至近端压力 $20.63 仅 0.95 点，止损距离 6.47 ,
2021-08,FTNT,2021-08-02,56.924,强,强,bullish,none,buy,medium,YES,15.79,YES,TP,时空状态=强 趋势排列=bullish,无Claude分析，仅供参考；实时顶背离预警：新高动能不足，注意见顶风险；重度超扩延，建议等待回踩 $47.95 附近黄,
2021-08,BX,2021-08-02,97.709,强,强,bullish,none,buy,medium,YES,8.37,YES,TP,时空状态=强 趋势排列=bullish,无Claude分析，仅供参考；重度超扩延，建议等待回踩 $83.13 附近黄金棒确认再入场；风险收益比极差 0.08（至,
2021-09,MRNA,2021-09-01,389.94,中性偏弱,强,bullish,none,buy,low,YES,-6.4,no,FP,时空状态=中性偏弱 趋势排列=bullish,无Claude分析，仅供参考；重度超扩延，建议等待回踩 $318.29 附近黄金棒确认再入场；风险收益比 0.34（近端,
2021-09,NET,2021-09-01,126.86,中性偏弱,强,bullish,none,hold,medium,no,-5.82,no,TN,时空状态=中性偏弱 趋势排列=bullish,无Claude分析，仅供参考；风险收益比极差 0.10（至近端压力 $133.20 仅 6.34 点，止损距离 62.2,
2021-09,DDOG,2021-09-01,135.77,中性偏弱,强,bullish,none,hold,medium,no,2.85,YES,FN,时空状态=中性偏弱 趋势排列=bullish,无Claude分析，仅供参考；风险收益比极差 0.14（至近端压力 $142.56 仅 6.79 点，止损距离 47.2,
2021-09,RMD,2021-09-01,276.0689,中性偏弱,强,bullish,none,hold,medium,no,-8.62,no,TN,时空状态=中性偏弱 趋势排列=bullish,无Claude分析，仅供参考；风险收益比极差 0.14（至近端压力 $289.87 仅 13.80 点，止损距离 101,
2021-09,FTNT,2021-09-01,61.694,中性偏弱,强,bullish,none,buy,low,YES,-8.31,no,FP,时空状态=中性偏弱 趋势排列=bullish,无Claude分析，仅供参考；实时顶背离预警：新高动能不足，注意见顶风险；重度超扩延，建议等待回踩 $54.86 附近黄,
2021-10,MRNA,2021-10-01,341.09,极弱,强,mixed,none,buy,low,YES,-6.51,no,FP,时空状态=极弱 趋势排列=mixed,无Claude分析，仅供参考；重度超扩延，建议等待回踩 $392.24 附近黄金棒确认再入场；风险收益比 0.51（近端,
2021-10,DDOG,2021-10-01,144.69,中性偏弱,强,bullish,none,hold,medium,no,17.91,YES,FN,时空状态=中性偏弱 趋势排列=bullish,无Claude分析，仅供参考；风险收益比极差 0.13（至近端压力 $151.92 仅 7.23 点，止损距离 56.2,
2021-10,NET,2021-10-01,114.98,极弱,中性偏弱,mixed,none,hold,low,no,72.33,YES,FN,时空状态=极弱 趋势排列=mixed,无Claude分析，仅供参考；风险收益比较差 0.44（至近端压力 $136.97 仅 21.99 点，止损距离 50.,
2021-10,MDB,2021-10-01,474.51,中性偏弱,强,bullish,top,hold,medium,no,10.12,YES,FN,时空状态=中性偏弱 趋势排列=bullish,无Claude分析，仅供参考；风险收益比较差 0.26（至近端压力 $514.06 仅 39.55 点，止损距离 149,
2021-10,ZS,2021-10-01,263.16,中性偏弱,强,bullish,none,buy,low,YES,21.39,YES,TP,时空状态=中性偏弱 趋势排列=bullish,无Claude分析，仅供参考；风险收益比极差 0.06（至压力 $269.15 仅 6.0 点，止损距离 107.1 点,
2021-11,NET,2021-11-01,194.26,强,强,bullish,none,buy,medium,YES,-2.38,no,FP,时空状态=强 趋势排列=bullish,无Claude分析，仅供参考；重度超扩延，建议等待回踩 $139.92 附近黄金棒确认再入场；风险收益比极差 0.11（,
2021-11,MDB,2021-11-01,498.27,中性偏弱,强,bullish,top,hold,medium,no,-3.83,no,TN,时空状态=中性偏弱 趋势排列=bullish,无Claude分析，仅供参考；风险收益比较差 0.24（至近端压力 $514.06 仅 15.79 点，止损距离 66.,
2021-11,DDOG,2021-11-01,165.2,强,强,bullish,none,buy,medium,YES,9.19,YES,TP,时空状态=强 趋势排列=bullish,无Claude分析，仅供参考；实时顶背离预警：新高动能不足，注意见顶风险；重度超扩延，建议等待回踩 $144.30 附近,
2021-11,MRNA,2021-11-01,337.17,中性偏强,中性偏弱,mixed,none,hold,medium,no,-1.49,no,TN,时空状态=中性偏强 趋势排列=mixed,无Claude分析，仅供参考,
2021-11,U,2021-11-01,148.7,强,强,bullish,top,buy,medium,YES,14.12,YES,TP,时空状态=强 趋势排列=bullish,无Claude分析，仅供参考；风险收益比极差 0.22（至压力 $155.86 仅 7.2 点，止损距离 32.4 点）,
2021-12,NET,2021-12-01,164.21,中性偏弱,强,mixed,none,hold,medium,no,-31.06,no,TN,时空状态=中性偏弱 趋势排列=mixed,无Claude分析，仅供参考；黄金棒（$184.65）在当前价$164.21上方12.4%，价格已跌穿黄金棒信号区，多头,
2021-12,TSLA,2021-12-01,365.0,中性偏弱,强,bullish,none,buy,low,YES,-1.12,no,FP,时空状态=中性偏弱 趋势排列=bullish,无Claude分析，仅供参考；重度超扩延，建议等待回踩 $316.50 附近黄金棒确认再入场；风险收益比极差 0.25（,
2021-12,DDOG,2021-12-01,164.53,中性偏弱,强,bullish,none,hold,medium,no,-2.24,no,TN,时空状态=中性偏弱 趋势排列=bullish,无Claude分析，仅供参考；风险收益比较差 0.42（至近端压力 $196.56 仅 32.03 点，止损距离 76.,
2021-12,U,2021-12-01,151.68,中性偏弱,强,mixed,none,hold,medium,no,-17.17,no,TN,时空状态=中性偏弱 趋势排列=mixed,无Claude分析，仅供参考；风险收益比较差 0.23（至近端压力 $155.86 仅 4.18 点，止损距离 17.8,
2021-12,MDB,2021-12-01,456.89,极弱,中性偏弱,mixed,none,hold,low,no,2.59,YES,FN,时空状态=极弱 趋势排列=mixed,无Claude分析，仅供参考；黄金棒（$507.18）在当前价$456.89上方11.0%，价格已跌穿黄金棒信号区，多头,
2022-01,ON,2022-01-03,70.17,强,强,bullish,none,buy,medium,YES,-13.42,no,FP,时空状态=强 趋势排列=bullish,无Claude分析，仅供参考；重度超扩延，建议等待回踩 $59.18 附近黄金棒确认再入场；风险收益比极差 0.12（至,
2022-01,F,2022-01-03,16.2189,强,强,bullish,none,buy,medium,YES,-3.1,no,FP,时空状态=强 趋势排列=bullish,无Claude分析，仅供参考；实时顶背离预警：新高动能不足，注意见顶风险；重度超扩延，建议等待回踩 $14.21 附近黄,
2022-01,TSLA,2022-01-03,399.9267,强,强,bullish,none,buy,medium,YES,-18.52,no,FP,时空状态=强 趋势排列=bullish,无Claude分析，仅供参考；重度超扩延，建议等待回踩 $349.51 附近黄金棒确认再入场；风险收益比极差 0.09（,
2022-01,DLTR,2022-01-03,141.17,中性偏弱,强,bullish,none,hold,medium,no,-6.84,no,TN,时空状态=中性偏弱 趋势排列=bullish,无Claude分析，仅供参考；风险收益比较差 0.43（至近端压力 $146.61 仅 5.44 点，止损距离 12.5,
2022-01,ANET,2022-01-03,35.56,强,强,bullish,none,buy,medium,YES,-13.77,no,FP,时空状态=强 趋势排列=bullish,无Claude分析，仅供参考；重度超扩延，建议等待回踩 $31.20 附近黄金棒确认再入场；风险收益比极差 0.09（至,
2022-02,F,2022-02-01,15.4711,极弱,中性偏弱,mixed,none,hold,low,no,-15.53,no,TN,时空状态=极弱 趋势排列=mixed,无Claude分析，仅供参考,
2022-02,DLTR,2022-02-01,134.24,弱,中性偏弱,mixed,none,hold,medium,no,8.26,YES,FN,时空状态=弱 趋势排列=mixed,无Claude分析，仅供参考；当前价$134.24距关键支撑$132.60仅1.2%，破位风险高，请设好止损,
2022-02,ANET,2022-02-01,31.075,弱,中性偏弱,mixed,none,hold,medium,no,-1.74,no,TN,时空状态=弱 趋势排列=mixed,无Claude分析，仅供参考；风险收益比较差 0.38（至近端压力 $36.71 仅 5.64 点，止损距离 14.84,
2022-02,ON,2022-02-01,59.65,弱,中性偏弱,mixed,none,hold,medium,no,5.36,YES,FN,时空状态=弱 趋势排列=mixed,无Claude分析，仅供参考,
2022-02,CIEN,2022-02-01,66.14,弱,中性偏弱,mixed,top,hold,medium,no,2.99,YES,FN,时空状态=弱 趋势排列=mixed,无Claude分析，仅供参考,
2022-03,HAL,2022-03-01,29.4212,中性偏弱,强,bullish,none,hold,medium,no,11.77,YES,FN,时空状态=中性偏弱 趋势排列=bullish,无Claude分析，仅供参考；风险收益比极差 0.14（至近端压力 $30.89 仅 1.47 点，止损距离 10.73,
2022-03,AA,2022-03-01,76.1238,强,强,bullish,none,buy,medium,YES,17.72,YES,TP,时空状态=强 趋势排列=bullish,无Claude分析，仅供参考；实时顶背离预警：新高动能不足，注意见顶风险；重度超扩延，建议等待回踩 $59.94 附近黄,
2022-03,DVN,2022-03-01,47.9651,强,强,bullish,none,buy,medium,YES,-1.05,no,FP,时空状态=强 趋势排列=bullish,无Claude分析，仅供参考；重度超扩延，建议等待回踩 $39.57 附近黄金棒确认再入场；风险收益比极差 0.06（至,
2022-03,EOG,2022-03-01,95.1905,中性偏弱,强,bullish,none,hold,medium,no,2.83,YES,FN,时空状态=中性偏弱 趋势排列=bullish,无Claude分析，仅供参考；风险收益比极差 0.16（至近端压力 $99.95 仅 4.76 点，止损距离 29.51,
2022-03,VRTX,2022-03-01,230.69,极弱,强,bullish,none,hold,low,no,14.12,YES,FN,时空状态=极弱 趋势排列=bullish,无Claude分析，仅供参考；风险收益比较差 0.36（至近端压力 $241.31 仅 10.62 点，止损距离 29.,
2022-04,OXY,2022-04-01,54.4542,中性偏弱,强,bullish,none,hold,medium,no,-4.03,no,TN,时空状态=中性偏弱 趋势排列=bullish,无Claude分析，仅供参考；风险收益比极差 0.09（至近端压力 $57.18 仅 2.72 点，止损距离 29.98,
2022-04,AA,2022-04-01,86.5625,中性偏弱,强,bullish,none,buy,low,YES,-26.93,no,FP,时空状态=中性偏弱 趋势排列=bullish,无Claude分析，仅供参考；实时顶背离预警：新高动能不足，注意见顶风险；重度超扩延，建议等待回踩 $71.34 附近黄,
2022-04,HAL,2022-04-01,35.3494,中性偏弱,强,bullish,none,hold,medium,no,-7.14,no,TN,时空状态=中性偏弱 趋势排列=bullish,无Claude分析，仅供参考；风险收益比较差 0.34（至近端压力 $37.12 仅 1.77 点，止损距离 5.13 ,
2022-04,DVN,2022-04-01,49.6757,中性偏弱,强,bullish,none,buy,low,YES,-3.23,no,FP,时空状态=中性偏弱 趋势排列=bullish,无Claude分析，仅供参考；重度超扩延，建议等待回踩 $44.85 附近黄金棒确认再入场；风险收益比极差 0.05（至,
2022-04,CVX,2022-04-01,138.5704,中性偏弱,强,bullish,none,buy,low,YES,-3.97,no,FP,时空状态=中性偏弱 趋势排列=bullish,无Claude分析，仅供参考；重度超扩延，建议等待回踩 $123.25 附近黄金棒确认再入场；风险收益比 0.59（近端,
2022-05,OXY,2022-05-02,54.6322,中性偏弱,强,bullish,top,hold,medium,no,29.53,YES,FN,时空状态=中性偏弱 趋势排列=bullish,无Claude分析，仅供参考；风险收益比极差 0.11（至近端压力 $57.91 仅 3.28 点，止损距离 30.16,
2022-05,EQT,2022-05-02,37.0625,中性偏弱,强,bullish,none,buy,low,YES,22.83,YES,TP,时空状态=中性偏弱 趋势排列=bullish,无Claude分析，仅供参考；重度超扩延，建议等待回踩 $29.71 附近黄金棒确认再入场；风险收益比 0.30（近端压,
2022-05,HAL,2022-05-02,32.9488,极弱,中性偏弱,mixed,top,hold,low,no,16.1,YES,FN,时空状态=极弱 趋势排列=mixed,无Claude分析，仅供参考,
2022-05,AA,2022-05-02,63.1977,弱,中性偏弱,mixed,none,hold,medium,no,-8.75,no,TN,时空状态=弱 趋势排列=mixed,无Claude分析，仅供参考；黄金棒（$67.36）在当前价$63.20上方6.6%，价格已跌穿黄金棒信号区，多头支撑信,
2022-05,BKR,2022-05-02,28.0508,弱,中性偏弱,mixed,none,hold,medium,no,18.84,YES,FN,时空状态=弱 趋势排列=mixed,无Claude分析，仅供参考；黄金棒（$33.78）在当前价$28.05上方20.4%，价格已跌穿黄金棒信号区，多头支撑,
2022-06,EQT,2022-06-01,46.9467,强,强,bullish,none,buy,medium,YES,-27.92,no,FP,时空状态=强 趋势排列=bullish,无Claude分析，仅供参考；重度超扩延，建议等待回踩 $36.26 附近黄金棒确认再入场；风险收益比极差 0.17（至,
2022-06,OXY,2022-06-01,65.9897,强,强,bullish,none,buy,medium,YES,-15.88,no,FP,时空状态=强 趋势排列=bullish,无Claude分析，仅供参考；重度超扩延，建议等待回踩 $56.50 附近黄金棒确认再入场；风险收益比极差 0.08（至,
2022-06,VLO,2022-06-01,117.7103,中性偏弱,强,bullish,none,buy,low,YES,-17.29,no,FP,时空状态=中性偏弱 趋势排列=bullish,无Claude分析，仅供参考；实时顶背离预警：新高动能不足，注意见顶风险；重度超扩延，建议等待回踩 $97.51 附近黄,
2022-06,CTRA,2022-06-01,,,,,,SKIP,,,-25.24,,,,,历史数据不足（<60日）
2022-06,HAL,2022-06-01,38.0437,强,中性偏弱,bullish,top,buy,medium,YES,-22.98,no,FP,时空状态=强 趋势排列=bullish,无Claude分析，仅供参考；重度超扩延，建议等待回踩 $34.49 附近黄金棒确认再入场；风险收益比极差 0.01（至,
2022-07,EQT,2022-07-01,32.3065,弱,中性偏弱,mixed,none,hold,medium,no,23.32,YES,FN,时空状态=弱 趋势排列=mixed,无Claude分析，仅供参考；黄金棒（$36.05）在当前价$32.31上方11.6%，价格已跌穿黄金棒信号区，多头支撑,
2022-07,VLO,2022-07-01,95.8911,弱,中性偏弱,mixed,none,hold,medium,no,1.15,YES,FN,时空状态=弱 趋势排列=mixed,无Claude分析，仅供参考,
2022-07,OXY,2022-07-01,56.7445,弱,中性偏弱,mixed,none,hold,medium,no,9.7,YES,FN,时空状态=弱 趋势排列=mixed,无Claude分析，仅供参考；风险收益比较差 0.30（至近端压力 $66.40 仅 9.66 点，止损距离 32.27,
2022-07,CTRA,2022-07-01,,,,,,SKIP,,,15.23,,,,,历史数据不足（<60日）
2022-07,MPC,2022-07-01,77.4829,弱,中性偏弱,mixed,none,hold,medium,no,8.46,YES,FN,时空状态=弱 趋势排列=mixed,无Claude分析，仅供参考；黄金棒（$80.66）在当前价$77.48上方4.1%，价格已跌穿黄金棒信号区，多头支撑信,
2022-08,EQT,2022-08-01,39.8858,强,中性偏弱,bullish,none,buy,medium,YES,9.55,YES,TP,时空状态=强 趋势排列=bullish,无Claude分析，仅供参考；重度超扩延，建议等待回踩 $38.60 附近黄金棒确认再入场；风险收益比 0.44（近端压,
2022-08,RBA,2022-08-01,67.1087,强,强,bullish,none,buy,medium,YES,-3.59,no,FP,时空状态=强 趋势排列=bullish,无Claude分析，仅供参考；实时顶背离预警：新高动能不足，注意见顶风险；风险收益比极差 0.21（至压力 $68.62,
2022-08,MNST,2022-08-01,49.245,强,强,bullish,none,buy,medium,YES,-10.63,no,FP,时空状态=强 趋势排列=bullish,无Claude分析，仅供参考；实时顶背离预警：新高动能不足，注意见顶风险；风险收益比 0.47（近端压力 $51.71 ,
2022-08,LLY,2022-08-01,313.5698,中性偏弱,强,bullish,none,buy,low,YES,-8.09,no,FP,时空状态=中性偏弱 趋势排列=bullish,无Claude分析，仅供参考；实时顶背离预警：新高动能不足，注意见顶风险；风险收益比极差 0.11（至压力 $318.4,
2022-08,VICI,2022-08-01,27.425,强,强,bullish,none,buy,medium,YES,-3.61,no,FP,时空状态=强 趋势排列=bullish,无Claude分析，仅供参考；实时顶背离预警：新高动能不足，注意见顶风险；风险收益比极差 0.24（至压力 $28.80,
2022-09,SMCI,2022-09-01,6.33,中性偏弱,强,bullish,none,buy,low,YES,-11.42,no,FP,时空状态=中性偏弱 趋势排列=bullish,无Claude分析，仅供参考；重度超扩延，建议等待回踩 $5.32 附近黄金棒确认再入场；风险收益比 0.64（近端压力,
2022-09,ALNY,2022-09-01,211.25,中性偏弱,强,bullish,none,hold,medium,no,-0.79,no,TN,时空状态=中性偏弱 趋势排列=bullish,无Claude分析，仅供参考,
2022-09,RBA,2022-09-01,65.6532,中性偏弱,强,bullish,top,hold,medium,no,-9.09,no,TN,时空状态=中性偏弱 趋势排列=bullish,无Claude分析，仅供参考；风险收益比较差 0.46（至近端压力 $67.72 仅 2.07 点，止损距离 4.49 ,
2022-09,DECK,2022-09-01,53.3117,中性偏弱,极强,mixed,none,hold,medium,no,-0.7,no,TN,时空状态=中性偏弱 趋势排列=mixed,无Claude分析，仅供参考；黄金棒（$55.49）在当前价$53.31上方4.1%，价格已跌穿黄金棒信号区，多头支撑信,
2022-09,CDNS,2022-09-01,170.04,极弱,强,bullish,top,hold,low,no,-3.87,no,TN,时空状态=极弱 趋势排列=bullish,无Claude分析，仅供参考；黄金棒（$184.61）在当前价$170.04上方8.6%，价格已跌穿黄金棒信号区，多头支,
2022-10,ALNY,2022-10-03,196.79,极弱,强,mixed,none,hold,low,no,2.13,YES,FN,时空状态=极弱 趋势排列=mixed,无Claude分析，仅供参考；黄金棒（$216.00）在当前价$196.79上方9.8%，价格已跌穿黄金棒信号区，多头支,
2022-10,SMCI,2022-10-03,5.707,弱,中性偏弱,mixed,none,hold,medium,no,24.03,YES,FN,时空状态=弱 趋势排列=mixed,无Claude分析，仅供参考,
2022-10,DKS,2022-10-03,100.3522,中性偏弱,强,bullish,top,hold,medium,no,10.14,YES,FN,时空状态=中性偏弱 趋势排列=bullish,无Claude分析，仅供参考；黄金棒（$104.78）在当前价$100.35上方4.4%，价格已跌穿黄金棒信号区，多头支,
2022-10,DECK,2022-10-03,53.8317,极弱,强,bullish,top,hold,low,no,12.62,YES,FN,时空状态=极弱 趋势排列=bullish,无Claude分析，仅供参考；关键支撑$55.12已被跌破（当前价$53.83，跌破2.4%），结构支撑失效，多头止损参,
2022-10,ON,2022-10-03,64.79,弱,强,mixed,none,hold,medium,no,-0.44,no,TN,时空状态=弱 趋势排列=mixed,无Claude分析，仅供参考；风险收益比极差 0.09（至近端压力 $66.01 仅 1.22 点，止损距离 12.88,
2022-11,ALNY,2022-11-01,213.12,极强,强,bullish,none,buy,low,YES,5.2,YES,TP,时空状态=极强 趋势排列=bullish,无Claude分析，仅供参考；风险收益比 0.74（近端压力 $226.30 仅 13.2 点，止损距离 17.9 点）,
2022-11,DKS,2022-11-01,105.6888,强,强,bullish,none,buy,medium,YES,3.0,YES,TP,时空状态=强 趋势排列=bullish,无Claude分析，仅供参考；风险收益比极差 0.09（至压力 $106.37 仅 0.68 点，止损距离 7.2 点）,
2022-11,AXON,2022-11-01,147.59,强,强,bullish,top,buy,medium,YES,20.91,YES,TP,时空状态=强 趋势排列=bullish,无Claude分析，仅供参考；重度超扩延，建议等待回踩 $123.87 附近黄金棒确认再入场；风险收益比极差 0.05（,
2022-11,DECK,2022-11-01,60.4967,中性偏弱,强,bullish,top,hold,medium,no,11.93,YES,FN,时空状态=中性偏弱 趋势排列=bullish,无Claude分析，仅供参考,
2022-11,LNG,2022-11-01,173.3009,强,强,bullish,top,buy,medium,YES,-0.56,no,FP,时空状态=强 趋势排列=bullish,无Claude分析，仅供参考；风险收益比极差 0.25（至压力 $181.97 仅 8.7 点，止损距离 34.1 点）,
2022-12,AXON,2022-12-01,185.55,中性偏弱,强,bullish,none,hold,medium,no,-5.66,no,TN,时空状态=中性偏弱 趋势排列=bullish,无Claude分析，仅供参考；风险收益比极差 0.15（至近端压力 $194.83 仅 9.28 点，止损距离 61.3,
2022-12,DXCM,2022-12-01,118.03,中性偏弱,强,bullish,none,hold,medium,no,-1.8,no,TN,时空状态=中性偏弱 趋势排列=bullish,无Claude分析，仅供参考,
2022-12,SLB,2022-12-01,47.3195,中性偏弱,强,bullish,top,hold,medium,no,1.03,YES,FN,时空状态=中性偏弱 趋势排列=bullish,无Claude分析，仅供参考；风险收益比较差 0.20（至近端压力 $50.12 仅 2.80 点，止损距离 14.00,
2022-12,SMCI,2022-12-01,9.051,中性偏弱,强,bullish,none,buy,low,YES,-9.48,no,FP,时空状态=中性偏弱 趋势排列=bullish,无Claude分析，仅供参考；实时顶背离预警：新高动能不足，注意见顶风险；重度超扩延，建议等待回踩 $6.89 附近黄金,
2022-12,BIIB,2022-12-01,301.85,中性偏弱,强,bullish,none,hold,medium,no,-9.42,no,TN,时空状态=中性偏弱 趋势排列=bullish,无Claude分析，仅供参考,
2023-01,AXON,2023-01-03,168.24,极弱,强,bullish,none,hold,low,no,17.44,YES,FN,时空状态=极弱 趋势排列=bullish,无Claude分析，仅供参考,
2023-01,SMCI,2023-01-03,8.386,极弱,强,bullish,none,buy,low,YES,-13.36,no,FP,时空状态=极弱 趋势排列=bullish,无Claude分析，仅供参考；重度超扩延，建议等待回踩 $7.93 附近黄金棒确认再入场；风险收益比 0.30（近端压力,
2023-01,SLB,2023-01-03,47.2427,强,强,bullish,top,buy,medium,YES,7.66,YES,TP,时空状态=强 趋势排列=bullish,无Claude分析，仅供参考；风险收益比 0.53（近端压力 $50.12 仅 2.9 点，止损距离 5.5 点），轻仓,
2023-01,GILD,2023-01-03,75.9056,中性偏弱,强,bullish,top,hold,medium,no,-1.26,no,TN,时空状态=中性偏弱 趋势排列=bullish,无Claude分析，仅供参考；风险收益比极差 0.13（至近端压力 $78.88 仅 2.97 点，止损距离 22.95,
2023-01,AU,2023-01-03,17.9977,中性偏弱,强,mixed,none,hold,medium,no,4.97,YES,FN,时空状态=中性偏弱 趋势排列=mixed,无Claude分析，仅供参考；风险收益比极差 0.05（至近端压力 $18.09 仅 0.09 点，止损距离 2.01 ,
2023-02,SCCO,2023-02-01,66.1413,中性偏弱,强,bullish,none,hold,medium,no,1.65,YES,FN,时空状态=中性偏弱 趋势排列=bullish,无Claude分析，仅供参考；风险收益比较差 0.26（至近端压力 $69.45 仅 3.31 点，止损距离 12.77,
2023-02,FCX,2023-02-01,42.7852,中性偏弱,强,bullish,none,hold,medium,no,-3.77,no,TN,时空状态=中性偏弱 趋势排列=bullish,无Claude分析，仅供参考；当前价$42.79距关键支撑$41.55仅2.9%，破位风险高，请设好止损,
2023-02,AXON,2023-02-01,198.39,强,强,bullish,none,buy,medium,YES,5.87,YES,TP,时空状态=强 趋势排列=bullish,无Claude分析，仅供参考；实时顶背离预警：新高动能不足，注意见顶风险；重度超扩延，建议等待回踩 $179.70 附近,
2023-02,WMG,2023-02-01,34.1606,强,强,bullish,top,buy,medium,YES,-13.62,no,FP,时空状态=强 趋势排列=bullish,无Claude分析，仅供参考；关键支撑$34.44已被跌破（当前价$34.16，跌破0.8%），结构支撑失效，多头止损参,
2023-02,HAL,2023-02-01,37.8051,中性偏弱,强,bullish,top,hold,medium,no,-11.14,no,TN,时空状态=中性偏弱 趋势排列=bullish,无Claude分析，仅供参考；风险收益比极差 0.05（至近端压力 $38.15 仅 0.35 点，止损距离 7.59 ,
2023-03,SCCO,2023-03-01,65.153,中性偏弱,强,bullish,top,hold,medium,no,1.38,YES,FN,时空状态=中性偏弱 趋势排列=bullish,无Claude分析，仅供参考；风险收益比极差 0.08（至近端压力 $66.14 仅 0.99 点，止损距离 11.78,
2023-03,NVDA,2023-03-01,22.6477,中性偏弱,强,bullish,none,hold,medium,no,18.63,YES,FN,时空状态=中性偏弱 趋势排列=bullish,无Claude分析，仅供参考,
2023-03,LVS,2023-03-01,55.3121,中性偏弱,强,bullish,none,hold,medium,no,2.05,YES,FN,时空状态=中性偏弱 趋势排列=bullish,无Claude分析，仅供参考；风险收益比极差 0.12（至近端压力 $58.08 仅 2.77 点，止损距离 22.71,
2023-03,GE,2023-03-01,65.9547,中性偏弱,强,bullish,none,hold,medium,no,13.09,YES,FN,时空状态=中性偏弱 趋势排列=bullish,无Claude分析，仅供参考；风险收益比极差 0.14（至近端压力 $67.75 仅 1.79 点，止损距离 12.77,
2023-03,FCX,2023-03-01,41.057,弱,强,bullish,none,hold,medium,no,-3.45,no,TN,时空状态=弱 趋势排列=bullish,无Claude分析，仅供参考；风险收益比较差 0.36（至近端压力 $44.53 仅 3.48 点，止损距离 9.70 ,
2023-04,META,2023-04-03,211.2152,强,强,bullish,none,buy,medium,YES,14.26,YES,TP,时空状态=强 趋势排列=bullish,无Claude分析，仅供参考；重度超扩延，建议等待回踩 $175.38 附近黄金棒确认再入场；风险收益比 0.32（近端,
2023-04,NVDA,2023-04-03,27.9077,强,强,bullish,none,buy,medium,YES,1.2,YES,TP,时空状态=强 趋势排列=bullish,无Claude分析，仅供参考；重度超扩延，建议等待回踩 $22.63 附近黄金棒确认再入场；风险收益比极差 0.10（至,
2023-04,HUBS,2023-04-03,420.1,强,强,bullish,none,buy,medium,YES,-0.11,no,FP,时空状态=强 趋势排列=bullish,无Claude分析，仅供参考；实时顶背离预警：新高动能不足，注意见顶风险；关键支撑$426.87已被跌破（当前价$420,
2023-04,GE,2023-04-03,76.043,强,强,bullish,none,buy,medium,YES,3.92,YES,TP,时空状态=强 趋势排列=bullish,无Claude分析，仅供参考；重度超扩延，建议等待回踩 $67.15 附近黄金棒确认再入场；风险收益比极差 0.17（至,
2023-04,AMD,2023-04-03,96.56,中性偏弱,强,bullish,none,hold,medium,no,-5.86,no,TN,时空状态=中性偏弱 趋势排列=bullish,无Claude分析，仅供参考；风险收益比较差 0.42（至近端压力 $102.47 仅 5.91 点，止损距离 14.2,
2023-05,META,2023-05-01,241.0631,强,强,bullish,none,buy,medium,YES,11.43,YES,TP,时空状态=强 趋势排列=bullish,无Claude分析，仅供参考；实时顶背离预警：新高动能不足，注意见顶风险；重度超扩延，建议等待回踩 $196.75 附近,
2023-05,NVDA,2023-05-01,28.8508,中性偏弱,强,bullish,none,hold,medium,no,38.25,YES,FN,时空状态=中性偏弱 趋势排列=bullish,无Claude分析，仅供参考；风险收益比较差 0.26（至近端压力 $30.85 仅 2.00 点，止损距离 7.63 ,
2023-05,MSTR,2023-05-01,30.747,中性偏弱,强,bullish,none,hold,medium,no,-6.72,no,TN,时空状态=中性偏弱 趋势排列=bullish,无Claude分析，仅供参考；风险收益比较差 0.37（至近端压力 $35.28 仅 4.54 点，止损距离 12.13,
2023-05,HUBS,2023-05-01,420.85,中性偏弱,强,bullish,none,hold,medium,no,20.19,YES,FN,时空状态=中性偏弱 趋势排列=bullish,无Claude分析，仅供参考；关键支撑$426.87已被跌破（当前价$420.85，跌破1.4%），结构支撑失效，多头止,
2023-05,AMD,2023-05-01,89.69,弱,强,bullish,top,hold,medium,no,28.85,YES,FN,时空状态=弱 趋势排列=bullish,无Claude分析，仅供参考,
2023-06,META,2023-06-01,270.2369,强,强,bullish,none,buy,medium,YES,7.82,YES,TP,时空状态=强 趋势排列=bullish,无Claude分析，仅供参考；实时顶背离预警：新高动能不足，注意见顶风险；重度超扩延，建议等待回踩 $223.32 附近,
2023-06,SMCI,2023-06-01,23.102,强,强,bullish,none,buy,medium,YES,12.49,YES,TP,时空状态=强 趋势排列=bullish,无Claude分析，仅供参考；重度超扩延，建议等待回踩 $12.79 附近黄金棒确认再入场；风险收益比极差 0.08（至,
2023-06,NVDA,2023-06-01,39.6886,强,强,bullish,none,buy,medium,YES,10.47,YES,TP,时空状态=强 趋势排列=bullish,无Claude分析，仅供参考；重度超扩延，建议等待回踩 $28.70 附近黄金棒确认再入场；风险收益比极差 0.11（至,
2023-06,HUBS,2023-06-01,517.79,强,强,bullish,none,buy,medium,YES,4.2,YES,TP,时空状态=强 趋势排列=bullish,无Claude分析，仅供参考；实时顶背离预警：新高动能不足，注意见顶风险；重度超扩延，建议等待回踩 $435.04 附近,
2023-06,CRM,2023-06-01,209.2793,强,强,bullish,none,buy,medium,YES,1.13,YES,TP,时空状态=强 趋势排列=bullish,无Claude分析，仅供参考；实时顶背离预警：新高动能不足，注意见顶风险；风险收益比 0.30（近端压力 $217.53,
2023-07,SMCI,2023-07-03,24.92,中性偏弱,强,bullish,none,buy,low,YES,26.52,YES,TP,时空状态=中性偏弱 趋势排列=bullish,无Claude分析，仅供参考；重度超扩延，建议等待回踩 $17.78 附近黄金棒确认再入场；风险收益比 0.31（近端压,
2023-07,PLTR,2023-07-03,15.52,中性偏弱,强,bullish,none,hold,medium,no,25.63,YES,FN,时空状态=中性偏弱 趋势排列=bullish,无Claude分析，仅供参考,
2023-07,NVDA,2023-07-03,42.3305,中性偏弱,强,bullish,none,buy,low,YES,9.27,YES,TP,时空状态=中性偏弱 趋势排列=bullish,无Claude分析，仅供参考；实时顶背离预警：新高动能不足，注意见顶风险；重度超扩延，建议等待回踩 $34.18 附近黄,
2023-07,MDB,2023-07-03,411.42,中性偏弱,强,bullish,top,hold,medium,no,3.25,YES,FN,时空状态=中性偏弱 趋势排列=bullish,无Claude分析，仅供参考,
2023-07,META,2023-07-03,283.5302,中性偏弱,强,bullish,none,hold,medium,no,10.76,YES,FN,时空状态=中性偏弱 趋势排列=bullish,无Claude分析，仅供参考,
2023-08,SMCI,2023-08-01,33.756,强,强,bullish,none,buy,medium,YES,-14.11,no,FP,时空状态=强 趋势排列=bullish,无Claude分析，仅供参考；重度超扩延，建议等待回踩 $24.45 附近黄金棒确认再入场；风险收益比极差 0.13（至,
2023-08,PLTR,2023-08-01,19.99,强,强,bullish,none,buy,medium,YES,-22.1,no,FP,时空状态=强 趋势排列=bullish,无Claude分析，仅供参考；重度超扩延，建议等待回踩 $15.04 附近黄金棒确认再入场；风险收益比 0.68（近端压,
2023-08,MDB,2023-08-01,424.57,中性偏弱,强,bullish,top,hold,medium,no,-5.95,no,TN,时空状态=中性偏弱 趋势排列=bullish,无Claude分析，仅供参考；关键支撑$429.34已被跌破（当前价$424.57，跌破1.1%），结构支撑失效，多头止,
2023-08,NVDA,2023-08-01,46.4166,中性偏弱,强,bullish,none,buy,low,YES,7.1,YES,TP,时空状态=中性偏弱 趋势排列=bullish,无Claude分析，仅供参考；实时顶背离预警：新高动能不足，注意见顶风险；重度超扩延，建议等待回踩 $40.43 附近黄,
2023-08,MRVL,2023-08-01,65.3215,中性偏弱,强,bullish,none,hold,medium,no,-9.14,no,TN,时空状态=中性偏弱 趋势排列=bullish,无Claude分析，仅供参考,
2023-09,SMCI,2023-09-01,28.216,中性偏强,中性偏弱,bullish,none,buy,medium,YES,-0.72,no,FP,时空状态=中性偏强 趋势排列=bullish,无Claude分析，仅供参考；重度超扩延，建议等待回踩 $27.55 附近黄金棒确认再入场,
2023-09,PLTR,2023-09-01,15.18,中性偏强,中性偏弱,mixed,none,hold,medium,no,5.74,YES,FN,时空状态=中性偏强 趋势排列=mixed,无Claude分析，仅供参考,
2023-09,MDB,2023-09-01,392.88,中性偏强,中性偏弱,bullish,top,buy,medium,YES,-13.32,no,FP,时空状态=中性偏强 趋势排列=bullish,无Claude分析，仅供参考；重度超扩延，建议等待回踩 $388.80 附近黄金棒确认再入场；风险收益比 0.74（近端,
2023-09,NVDA,2023-09-01,48.4147,强,中性偏弱,bullish,top,buy,medium,YES,-11.52,no,FP,时空状态=强 趋势排列=bullish,无Claude分析，仅供参考；重度超扩延，建议等待回踩 $44.44 附近黄金棒确认再入场；风险收益比极差 0.27（至,
2023-09,RCL,2023-09-01,95.0114,弱,中性偏弱,mixed,top,hold,medium,no,-7.52,no,TN,时空状态=弱 趋势排列=mixed,无Claude分析，仅供参考；风险收益比较差 0.47（至近端压力 $106.66 仅 11.65 点，止损距离 24.,
2023-10,SMCI,2023-10-02,28.886,中性偏强,中性偏弱,bullish,none,buy,medium,YES,-12.25,no,FP,时空状态=中性偏强 趋势排列=bullish,无Claude分析，仅供参考；重度超扩延，建议等待回踩 $28.07 附近黄金棒确认再入场,
2023-10,OVV,2023-10-02,42.4691,中性偏弱,强,mixed,none,hold,medium,no,0.9,YES,FN,时空状态=中性偏弱 趋势排列=mixed,无Claude分析，仅供参考；当前价$42.47距关键支撑$42.44仅0.1%，破位风险高，请设好止损,
2023-10,DELL,2023-10-02,64.52,中性偏弱,强,bullish,none,buy,low,YES,-1.92,no,FP,时空状态=中性偏弱 趋势排列=bullish,无Claude分析，仅供参考；重度超扩延，建议等待回踩 $57.65 附近黄金棒确认再入场；风险收益比极差 0.18（至,
2023-10,MPC,2023-10-02,141.7888,中性偏弱,强,bullish,top,hold,medium,no,0.91,YES,FN,时空状态=中性偏弱 趋势排列=bullish,无Claude分析，仅供参考；风险收益比极差 0.19（至近端压力 $148.88 仅 7.09 点，止损距离 36.9,
2023-10,HAL,2023-10-02,37.3145,中性偏弱,强,bullish,none,hold,medium,no,-2.05,no,TN,时空状态=中性偏弱 趋势排列=bullish,无Claude分析，仅供参考；风险收益比较差 0.41（至近端压力 $39.49 仅 2.17 点，止损距离 5.25 ,
2023-11,DELL,2023-11-01,65.8139,极强,强,bullish,none,buy,low,YES,6.79,YES,TP,时空状态=极强 趋势排列=bullish,无Claude分析，仅供参考；风险收益比极差 0.13（至压力 $68.77 仅 3.0 点，止损距离 22.3 点），,
2023-11,MPC,2023-11-01,146.6941,强,强,bullish,top,buy,medium,YES,-2.39,no,FP,时空状态=强 趋势排列=bullish,无Claude分析，仅供参考；风险收益比极差 0.03（至压力 $147.76 仅 1.1 点，止损距离 41.8 点）,
2023-11,OVV,2023-11-01,44.1946,中性偏弱,强,bullish,top,hold,medium,no,-8.0,no,TN,时空状态=中性偏弱 趋势排列=bullish,无Claude分析，仅供参考；风险收益比极差 0.06（至近端压力 $44.37 仅 0.18 点，止损距离 3.02 ,
2023-11,HAL,2023-11-01,36.9861,极弱,强,mixed,none,hold,low,no,-6.37,no,TN,时空状态=极弱 趋势排列=mixed,无Claude分析，仅供参考；黄金棒（$40.38）在当前价$36.99上方9.2%，价格已跌穿黄金棒信号区，多头支撑信,
2023-11,LLY,2023-11-01,543.9323,极弱,中性偏弱,mixed,none,hold,low,no,6.61,YES,FN,时空状态=极弱 趋势排列=mixed,无Claude分析，仅供参考；黄金棒（$598.91）在当前价$543.93上方10.1%，价格已跌穿黄金棒信号区，多头,
2023-12,DELL,2023-12-01,68.9384,中性偏弱,强,bullish,none,buy,low,YES,5.0,YES,TP,时空状态=中性偏弱 趋势排列=bullish,无Claude分析，仅供参考；实时顶背离预警：新高动能不足，注意见顶风险；风险收益比极差 0.12（至压力 $70.05,
2023-12,CRWD,2023-12-01,58.7575,强,强,bullish,none,buy,medium,YES,6.68,YES,TP,时空状态=强 趋势排列=bullish,无Claude分析，仅供参考；重度超扩延，建议等待回踩 $46.48 附近黄金棒确认再入场；风险收益比极差 0.17（至,
2023-12,PGR,2023-12-01,148.6088,中性偏弱,强,bullish,none,hold,medium,no,-2.66,no,TN,时空状态=中性偏弱 趋势排列=bullish,无Claude分析，仅供参考；风险收益比较差 0.26（至近端压力 $156.04 仅 7.43 点，止损距离 29.0,
2023-12,WSM,2023-12-01,93.9134,强,强,bullish,none,buy,medium,YES,6.97,YES,TP,时空状态=强 趋势排列=bullish,无Claude分析，仅供参考；重度超扩延，建议等待回踩 $76.06 附近黄金棒确认再入场；风险收益比极差 0.18（至,
2023-12,URA,2023-12-01,25.3358,强,强,bullish,none,buy,medium,YES,-5.38,no,FP,时空状态=强 趋势排列=bullish,无Claude分析，仅供参考；实时顶背离预警：新高动能不足，注意见顶风险；风险收益比 0.40（近端压力 $26.60 ,
2024-01,MSTR,2024-01-02,68.515,强,强,bullish,none,buy,medium,YES,-27.54,no,FP,时空状态=强 趋势排列=bullish,无Claude分析，仅供参考；实时顶背离预警：新高动能不足，注意见顶风险；重度超扩延，建议等待回踩 $50.15 附近黄,
2024-01,CRWD,2024-01-02,61.7225,中性偏弱,强,bullish,none,hold,medium,no,17.76,YES,FN,时空状态=中性偏弱 趋势排列=bullish,无Claude分析，仅供参考；风险收益比极差 0.15（至近端压力 $64.81 仅 3.09 点，止损距离 20.22,
2024-01,GDDY,2024-01-02,103.0,中性偏弱,强,bullish,top,hold,medium,no,1.88,YES,FN,时空状态=中性偏弱 趋势排列=bullish,无Claude分析，仅供参考；风险收益比极差 0.13（至近端压力 $107.41 仅 4.41 点，止损距离 33.2,
2024-01,WSM,2024-01-02,97.4906,中性偏弱,强,bullish,none,buy,low,YES,-2.68,no,FP,时空状态=中性偏弱 趋势排列=bullish,无Claude分析，仅供参考；实时顶背离预警：新高动能不足，注意见顶风险；重度超扩延，建议等待回踩 $84.56 附近黄,
2024-01,RBLX,2024-01-02,42.99,中性偏弱,强,bullish,none,buy,low,YES,-12.39,no,FP,时空状态=中性偏弱 趋势排列=bullish,无Claude分析，仅供参考；风险收益比 0.34（近端压力 $45.54 仅 2.5 点，止损距离 7.4 点），轻仓,
2024-02,CRWD,2024-02-01,74.8425,中性偏弱,强,bullish,none,hold,medium,no,7.8,YES,FN,时空状态=中性偏弱 趋势排列=bullish,无Claude分析，仅供参考；风险收益比极差 0.11（至近端压力 $78.58 仅 3.74 点，止损距离 33.34,
2024-02,MSTR,2024-02-01,50.348,中性偏强,中性偏弱,mixed,none,hold,medium,no,98.49,YES,FN,时空状态=中性偏强 趋势排列=mixed,无Claude分析，仅供参考,
2024-02,RBLX,2024-02-01,39.33,弱,强,mixed,none,hold,medium,no,2.04,YES,FN,时空状态=弱 趋势排列=mixed,无Claude分析，仅供参考,
2024-02,RKT,2024-02-01,11.9992,极强,强,bullish,none,buy,low,YES,0.4,YES,TP,时空状态=极强 趋势排列=bullish,无Claude分析，仅供参考,
2024-02,AFRM,2024-02-01,39.67,极弱,强,bullish,none,buy,low,YES,-8.2,no,FP,时空状态=极弱 趋势排列=bullish,无Claude分析，仅供参考；实时顶背离预警：新高动能不足，注意见顶风险；重度超扩延，建议等待回踩 $39.55 附近黄,
2024-03,SMCI,2024-03-01,90.548,中性偏弱,强,bullish,none,buy,low,YES,14.53,YES,TP,时空状态=中性偏弱 趋势排列=bullish,无Claude分析，仅供参考；重度超扩延，建议等待回踩 $51.74 附近黄金棒确认再入场；风险收益比 0.51（近端压,
2024-03,AFRM,2024-03-01,38.01,弱,中性偏弱,mixed,none,hold,medium,no,-0.9,no,TN,时空状态=弱 趋势排列=mixed,无Claude分析，仅供参考；风险收益比极差 0.15（至近端压力 $39.91 仅 1.90 点，止损距离 12.58,
2024-03,COIN,2024-03-01,205.77,强,强,bullish,top,buy,medium,YES,29.19,YES,TP,时空状态=强 趋势排列=bullish,无Claude分析，仅供参考；重度超扩延，建议等待回踩 $152.23 附近黄金棒确认再入场；风险收益比极差 0.11（,
2024-03,CRWD,2024-03-01,78.65,中性偏弱,强,bullish,none,hold,medium,no,0.55,YES,FN,时空状态=中性偏弱 趋势排列=bullish,无Claude分析，仅供参考,
2024-03,AMD,2024-03-01,202.64,强,强,bullish,none,buy,medium,YES,-9.0,no,FP,时空状态=强 趋势排列=bullish,无Claude分析，仅供参考；实时顶背离预警：新高动能不足，注意见顶风险；重度超扩延，建议等待回踩 $161.01 附近,
2024-04,SMCI,2024-04-01,103.715,中性偏弱,强,bullish,top,hold,medium,no,-23.03,no,TN,时空状态=中性偏弱 趋势排列=bullish,无Claude分析，仅供参考,
2024-04,MSTR,2024-04-01,163.674,中性偏弱,强,bullish,none,hold,medium,no,-38.27,no,TN,时空状态=中性偏弱 趋势排列=bullish,无Claude分析，仅供参考；风险收益比较差 0.31（至近端压力 $171.86 仅 8.18 点，止损距离 26.1,
2024-04,CVNA,2024-04-01,17.358,中性偏弱,强,bullish,none,buy,low,YES,-5.71,no,FP,时空状态=中性偏弱 趋势排列=bullish,无Claude分析，仅供参考；实时顶背离预警：新高动能不足，注意见顶风险；重度超扩延，建议等待回踩 $12.65 附近黄,
2024-04,COIN,2024-04-01,252.11,中性偏弱,强,bullish,none,hold,medium,no,-24.01,no,TN,时空状态=中性偏弱 趋势排列=bullish,无Claude分析，仅供参考；风险收益比极差 0.09（至近端压力 $264.72 仅 12.61 点，止损距离 138,
2024-04,NVDA,2024-04-01,90.2069,中性偏弱,强,bullish,none,buy,low,YES,-5.78,no,FP,时空状态=中性偏弱 趋势排列=bullish,无Claude分析，仅供参考；重度超扩延，建议等待回踩 $75.49 附近黄金棒确认再入场；风险收益比极差 0.06（至,
2024-05,MSTR,2024-05-01,102.827,弱,中性偏弱,mixed,none,hold,medium,no,57.66,YES,FN,时空状态=弱 趋势排列=mixed,无Claude分析，仅供参考；黄金棒（$124.04）在当前价$102.83上方20.6%，价格已跌穿黄金棒信号区，多头,
2024-05,SMCI,2024-05-01,73.83,弱,中性偏弱,mixed,bottom,hold,medium,no,3.16,YES,FN,时空状态=弱 趋势排列=mixed,无Claude分析，仅供参考；当前价$73.83距关键支撑$73.42仅0.6%，破位风险高，请设好止损,
2024-05,CVNA,2024-05-01,17.418,强,强,bullish,top,buy,medium,YES,25.07,YES,TP,时空状态=强 趋势排列=bullish,无Claude分析，仅供参考；重度超扩延，建议等待回踩 $15.29 附近黄金棒确认再入场；风险收益比极差 0.19（至,
2024-05,VST,2024-05-01,75.7296,强,强,bullish,none,buy,medium,YES,31.98,YES,TP,时空状态=强 趋势排列=bullish,无Claude分析，仅供参考；重度超扩延，建议等待回踩 $62.20 附近黄金棒确认再入场；风险收益比极差 0.29（至,
2024-05,COIN,2024-05-01,210.09,弱,强,mixed,none,hold,medium,no,16.83,YES,FN,时空状态=弱 趋势排列=mixed,无Claude分析，仅供参考,
2024-06,VST,2024-06-03,91.8785,中性偏弱,强,bullish,none,buy,low,YES,-11.14,no,FP,时空状态=中性偏弱 趋势排列=bullish,无Claude分析，仅供参考；重度超扩延，建议等待回踩 $78.08 附近黄金棒确认再入场；风险收益比极差 0.16（至,
2024-06,CVNA,2024-06-03,19.792,中性偏弱,强,bullish,none,buy,low,YES,24.89,YES,TP,时空状态=中性偏弱 趋势排列=bullish,无Claude分析，仅供参考；重度超扩延，建议等待回踩 $18.80 附近黄金棒确认再入场；风险收益比 0.75（近端压,
2024-06,MSTR,2024-06-03,162.741,强,强,bullish,none,buy,medium,YES,-11.93,no,FP,时空状态=强 趋势排列=bullish,无Claude分析，仅供参考；重度超扩延，建议等待回踩 $145.50 附近黄金棒确认再入场；风险收益比 0.40（近端,
2024-06,APP,2024-06-03,82.7,中性偏弱,强,bullish,top,hold,medium,no,2.49,YES,FN,时空状态=中性偏弱 趋势排列=bullish,无Claude分析，仅供参考；风险收益比较差 0.23（至近端压力 $86.83 仅 4.13 点，止损距离 17.90,
2024-06,VRT,2024-06-03,95.848,中性偏弱,强,bullish,none,buy,low,YES,-10.99,no,FP,时空状态=中性偏弱 趋势排列=bullish,无Claude分析，仅供参考；重度超扩延，建议等待回踩 $88.92 附近黄金棒确认再入场；风险收益比极差 0.11（至,
2024-07,VST,2024-07-01,86.2792,弱,中性偏弱,bullish,none,hold,medium,no,-10.43,no,TN,时空状态=弱 趋势排列=bullish,无Claude分析，仅供参考；风险收益比较差 0.49（至近端压力 $104.64 仅 18.36 点，止损距离 37.,
2024-07,CVNA,2024-07-01,24.87,强,强,bullish,none,buy,medium,YES,14.23,YES,TP,时空状态=强 趋势排列=bullish,无Claude分析，仅供参考；实时顶背离预警：新高动能不足，注意见顶风险；重度超扩延，建议等待回踩 $20.80 附近黄,
2024-07,FSLR,2024-07-01,222.71,极弱,强,mixed,none,hold,low,no,-2.51,no,TN,时空状态=极弱 趋势排列=mixed,无Claude分析，仅供参考；风险收益比极差 0.18（至近端压力 $231.69 仅 8.98 点，止损距离 49.5,
2024-07,MSTR,2024-07-01,136.597,弱,中性偏弱,mixed,none,hold,medium,no,14.54,YES,FN,时空状态=弱 趋势排列=mixed,无Claude分析，仅供参考；黄金棒（$150.73）在当前价$136.60上方10.3%，价格已跌穿黄金棒信号区，多头,
2024-07,NVDA,2024-07-01,124.0955,中性偏弱,强,bullish,none,buy,low,YES,-4.81,no,FP,时空状态=中性偏弱 趋势排列=bullish,无Claude分析，仅供参考；重度超扩延，建议等待回踩 $103.48 附近黄金棒确认再入场；风险收益比极差 0.22（,
2024-08,CVNA,2024-08-01,29.304,强,强,bullish,top,buy,medium,YES,0.99,YES,TP,时空状态=强 趋势排列=bullish,无Claude分析，仅供参考；实时顶背离预警：新高动能不足，注意见顶风险；重度超扩延，建议等待回踩 $23.96 附近黄,
2024-08,FSLR,2024-08-01,218.5,中性偏强,中性偏弱,mixed,none,hold,medium,no,3.45,YES,FN,时空状态=中性偏强 趋势排列=mixed,无Claude分析，仅供参考；风险收益比极差 0.02（至近端压力 $219.48 仅 0.98 点，止损距离 45.3,
2024-08,ALNY,2024-08-01,268.61,中性偏弱,强,bullish,none,hold,medium,no,4.18,YES,FN,时空状态=中性偏弱 趋势排列=bullish,无Claude分析，仅供参考；风险收益比极差 0.15（至近端压力 $282.04 仅 13.43 点，止损距离 89.,
2024-08,NVDA,2024-08-01,109.0303,弱,中性偏弱,mixed,none,hold,medium,no,-1.29,no,TN,时空状态=弱 趋势排列=mixed,无Claude分析，仅供参考；黄金棒（$131.16）在当前价$109.03上方20.3%，价格已跌穿黄金棒信号区，多头,
2024-08,TER,2024-08-01,120.8669,弱,中性偏弱,mixed,none,hold,medium,no,3.67,YES,FN,时空状态=弱 趋势排列=mixed,无Claude分析，仅供参考；黄金棒（$125.55）在当前价$120.87上方3.9%，价格已跌穿黄金棒信号区，多头支,
2024-09,ALNY,2024-09-03,253.78,中性偏弱,强,bullish,none,hold,medium,no,5.54,YES,FN,时空状态=中性偏弱 趋势排列=bullish,无Claude分析，仅供参考；风险收益比较差 0.27（至近端压力 $261.02 仅 7.24 点，止损距离 26.9,
2024-09,CVNA,2024-09-03,28.904,中性偏弱,强,bullish,top,hold,medium,no,17.14,YES,FN,时空状态=中性偏弱 趋势排列=bullish,无Claude分析，仅供参考；风险收益比极差 0.02（至近端压力 $29.01 仅 0.10 点，止损距离 4.96 ,
2024-09,TSLA,2024-09-03,210.6,中性偏强,强,mixed,none,hold,medium,no,22.02,YES,FN,时空状态=中性偏强 趋势排列=mixed,无Claude分析，仅供参考；黄金棒（$222.72）在当前价$210.60上方5.8%，价格已跌穿黄金棒信号区，多头支,
2024-09,IRM,2024-09-03,105.9513,中性偏弱,强,bullish,none,buy,low,YES,5.44,YES,TP,时空状态=中性偏弱 趋势排列=bullish,无Claude分析，仅供参考；重度超扩延，建议等待回踩 $94.57 附近黄金棒确认再入场；风险收益比极差 0.08（至,
2024-09,RKT,2024-09-03,18.5477,中性偏弱,强,bullish,none,hold,medium,no,-1.18,no,TN,时空状态=中性偏弱 趋势排列=bullish,无Claude分析，仅供参考；风险收益比极差 0.14（至近端压力 $19.48 仅 0.93 点，止损距离 6.47 ,
2024-10,ALNY,2024-10-01,276.06,强,强,bullish,top,buy,medium,YES,-2.85,no,FP,时空状态=强 趋势排列=bullish,无Claude分析，仅供参考；重度超扩延，建议等待回踩 $261.87 附近黄金棒确认再入场；风险收益比 0.30（近端,
2024-10,PLTR,2024-10-01,36.46,中性偏弱,强,bullish,none,buy,low,YES,12.68,YES,TP,时空状态=中性偏弱 趋势排列=bullish,无Claude分析，仅供参考；实时顶背离预警：新高动能不足，注意见顶风险；重度超扩延，建议等待回踩 $31.42 附近黄,
2024-10,RKT,2024-10-01,18.2354,中性偏弱,强,bullish,none,hold,medium,no,-15.46,no,TN,时空状态=中性偏弱 趋势排列=bullish,无Claude分析，仅供参考,
2024-10,IRM,2024-10-01,111.7138,中性偏弱,强,bullish,none,buy,low,YES,4.94,YES,TP,时空状态=中性偏弱 趋势排列=bullish,无Claude分析，仅供参考；重度超扩延，建议等待回踩 $103.11 附近黄金棒确认再入场；风险收益比极差 0.07（,
2024-10,CVNA,2024-10-01,35.16,强,强,bullish,top,buy,medium,YES,41.88,YES,TP,时空状态=强 趋势排列=bullish,无Claude分析，仅供参考；重度超扩延，建议等待回踩 $29.35 附近黄金棒确认再入场；风险收益比极差 0.18（至,
2024-11,APP,2024-11-01,163.53,中性偏弱,强,bullish,none,buy,low,YES,96.21,YES,TP,时空状态=中性偏弱 趋势排列=bullish,无Claude分析，仅供参考；重度超扩延，建议等待回踩 $124.05 附近黄金棒确认再入场；风险收益比极差 0.08（,
2024-11,PLTR,2024-11-01,41.92,中性偏弱,强,bullish,none,buy,low,YES,60.84,YES,TP,时空状态=中性偏弱 趋势排列=bullish,无Claude分析，仅供参考；实时顶背离预警：新高动能不足，注意见顶风险；重度超扩延，建议等待回踩 $37.46 附近黄,
2024-11,AFRM,2024-11-01,43.22,中性偏弱,强,bullish,none,hold,medium,no,62.94,YES,FN,时空状态=中性偏弱 趋势排列=bullish,无Claude分析，仅供参考；风险收益比极差 0.17（至近端压力 $44.01 仅 0.79 点，止损距离 4.74 ,
2024-11,CVNA,2024-11-01,45.816,强,强,bullish,none,buy,medium,YES,5.79,YES,TP,时空状态=强 趋势排列=bullish,无Claude分析，仅供参考；重度超扩延，建议等待回踩 $34.54 附近黄金棒确认再入场；风险收益比极差 0.11（至,
2024-11,ALNY,2024-11-01,273.91,中性偏弱,中性偏弱,mixed,none,hold,medium,no,-5.5,no,TN,时空状态=中性偏弱 趋势排列=mixed,无Claude分析，仅供参考；风险收益比较差 0.38（至近端压力 $287.01 仅 13.10 点，止损距离 34.,
2024-12,APP,2024-12-02,340.59,强,强,bullish,none,buy,medium,YES,-1.41,no,FP,时空状态=强 趋势排列=bullish,无Claude分析，仅供参考；重度超扩延，建议等待回踩 $194.90 附近黄金棒确认再入场；风险收益比极差 0.07（,
2024-12,MSTR,2024-12-02,380.3,中性偏弱,强,bullish,none,buy,low,YES,-23.76,no,FP,时空状态=中性偏弱 趋势排列=bullish,无Claude分析，仅供参考；重度超扩延，建议等待回踩 $247.41 附近黄金棒确认再入场；风险收益比 0.37（近端,
2024-12,PLTR,2024-12-02,66.39,中性偏弱,强,bullish,none,buy,low,YES,12.99,YES,TP,时空状态=中性偏弱 趋势排列=bullish,无Claude分析，仅供参考；重度超扩延，建议等待回踩 $47.75 附近黄金棒确认再入场；风险收益比极差 0.09（至,
2024-12,SOFI,2024-12-02,15.91,强,强,bullish,none,buy,medium,YES,-9.04,no,FP,时空状态=强 趋势排列=bullish,无Claude分析，仅供参考；实时顶背离预警：新高动能不足，注意见顶风险；重度超扩延，建议等待回踩 $10.94 附近黄,
2024-12,AFRM,2024-12-02,68.39,强,强,bullish,none,buy,medium,YES,-13.44,no,FP,时空状态=强 趋势排列=bullish,无Claude分析，仅供参考；重度超扩延，建议等待回踩 $48.85 附近黄金棒确认再入场；风险收益比极差 0.12（至,
2025-01,APP,2025-01-02,341.78,中性偏弱,强,bullish,none,buy,low,YES,6.78,YES,TP,时空状态=中性偏弱 趋势排列=bullish,无Claude分析，仅供参考；重度超扩延，建议等待回踩 $275.11 附近黄金棒确认再入场；风险收益比极差 0.27（,
2025-01,MSTR,2025-01-02,300.01,极弱,强,mixed,none,buy,low,YES,3.3,YES,TP,时空状态=极弱 趋势排列=mixed,无Claude分析，仅供参考；重度超扩延，建议等待回踩 $322.29 附近黄金棒确认再入场；风险收益比 0.59（近端,
2025-01,PLTR,2025-01-02,75.19,中性偏弱,强,bullish,none,buy,low,YES,5.16,YES,TP,时空状态=中性偏弱 趋势排列=bullish,无Claude分析，仅供参考；重度超扩延，建议等待回踩 $61.74 附近黄金棒确认再入场；风险收益比极差 0.09（至,
2025-01,SOFI,2025-01-02,14.13,中性偏弱,强,bullish,none,hold,medium,no,-0.13,no,TN,时空状态=中性偏弱 趋势排列=bullish,无Claude分析，仅供参考；风险收益比较差 0.41（至近端压力 $16.88 仅 2.75 点，止损距离 6.78 ,
2025-01,AFRM,2025-01-02,62.51,中性偏弱,强,bullish,top,hold,medium,no,-8.24,no,TN,时空状态=中性偏弱 趋势排列=bullish,无Claude分析，仅供参考；风险收益比较差 0.45（至近端压力 $72.86 仅 10.35 点，止损距离 23.0,
2025-02,APP,2025-02-03,365.44,强,强,bullish,none,buy,medium,YES,-0.93,no,FP,时空状态=强 趋势排列=bullish,无Claude分析，仅供参考；重度超扩延，建议等待回踩 $336.78 附近黄金棒确认再入场；风险收益比 0.58（近端,
2025-02,RKLB,2025-02-03,28.38,中性偏弱,强,bullish,none,hold,medium,no,-21.88,no,TN,时空状态=中性偏弱 趋势排列=bullish,无Claude分析，仅供参考；风险收益比极差 0.08（至近端压力 $28.80 仅 0.42 点，止损距离 5.19 ,
2025-02,IONQ,2025-02-03,41.47,中性偏弱,强,bullish,none,buy,low,YES,-32.3,no,FP,时空状态=中性偏弱 趋势排列=bullish,无Claude分析，仅供参考；重度超扩延，建议等待回踩 $36.79 附近黄金棒确认再入场；风险收益比极差 0.19（至,
2025-02,PLTR,2025-02-03,83.74,强,强,bullish,none,buy,medium,YES,10.51,YES,TP,时空状态=强 趋势排列=bullish,无Claude分析，仅供参考；重度超扩延，建议等待回踩 $72.04 附近黄金棒确认再入场；风险收益比极差 0.20（至,
2025-02,MSTR,2025-02-03,347.09,极弱,中性偏弱,mixed,none,hold,low,no,-5.44,no,TN,时空状态=极弱 趋势排列=mixed,无Claude分析，仅供参考；关键支撑$353.69已被跌破（当前价$347.09，跌破1.9%），结构支撑失效，多头止,
2025-03,HOOD,2025-03-03,46.89,极弱,强,mixed,none,hold,low,no,-23.61,no,TN,时空状态=极弱 趋势排列=mixed,无Claude分析，仅供参考；黄金棒（$55.91）在当前价$46.89上方19.2%，价格已跌穿黄金棒信号区，多头支撑,
2025-03,APP,2025-03-03,337.34,极弱,中性偏弱,mixed,none,hold,low,no,-24.56,no,TN,时空状态=极弱 趋势排列=mixed,无Claude分析，仅供参考,
2025-03,RKLB,2025-03-03,18.66,弱,中性偏弱,mixed,none,hold,medium,no,-16.71,no,TN,时空状态=弱 趋势排列=mixed,无Claude分析，仅供参考；黄金棒（$28.30）在当前价$18.66上方51.7%，价格已跌穿黄金棒信号区，多头支撑,
2025-03,PLTR,2025-03-03,83.42,极弱,强,mixed,none,buy,low,YES,-5.26,no,FP,时空状态=极弱 趋势排列=mixed,无Claude分析，仅供参考；重度超扩延，建议等待回踩 $85.27 附近黄金棒确认再入场；黄金棒（$106.27）在当,
2025-03,NET,2025-03-03,142.91,中性偏弱,强,bullish,none,buy,low,YES,-21.77,no,FP,时空状态=中性偏弱 趋势排列=bullish,无Claude分析，仅供参考；重度超扩延，建议等待回踩 $130.94 附近黄金棒确认再入场；风险收益比 0.47（近端,
2025-04,PLTR,2025-04-01,84.68,极弱,中性偏弱,mixed,none,hold,low,no,43.09,YES,FN,时空状态=极弱 趋势排列=mixed,无Claude分析，仅供参考,
2025-04,HOOD,2025-04-01,42.16,中性偏强,中性偏弱,mixed,none,hold,medium,no,22.32,YES,FN,时空状态=中性偏强 趋势排列=mixed,无Claude分析，仅供参考,
2025-04,OKTA,2025-04-01,104.69,中性偏弱,强,bullish,top,hold,medium,no,8.15,YES,FN,时空状态=中性偏弱 趋势排列=bullish,无Claude分析，仅供参考；黄金棒（$116.38）在当前价$104.69上方11.2%，价格已跌穿黄金棒信号区，多头,
2025-04,NET,2025-04-01,115.66,中性偏强,中性偏弱,mixed,none,hold,medium,no,10.1,YES,FN,时空状态=中性偏强 趋势排列=mixed,无Claude分析，仅供参考；当前价$115.66距关键支撑$113.70仅1.7%，破位风险高，请设好止损,
2025-04,TPR,2025-04-01,71.6451,中性偏强,中性偏弱,mixed,none,hold,medium,no,0.38,YES,FN,时空状态=中性偏强 趋势排列=mixed,无Claude分析，仅供参考；风险收益比较差 0.42（至近端压力 $87.31 仅 15.66 点，止损距离 37.6,
2025-05,AU,2025-05-01,37.638,中性偏弱,强,bullish,none,buy,low,YES,13.37,YES,TP,时空状态=中性偏弱 趋势排列=bullish,无Claude分析，仅供参考；风险收益比 0.76（近端压力 $43.11 仅 5.5 点，止损距离 7.2 点），轻仓,
2025-05,OKTA,2025-05-01,111.86,极强,强,bullish,none,buy,low,YES,-9.04,no,FP,时空状态=极强 趋势排列=bullish,无Claude分析，仅供参考；风险收益比极差 0.19（至压力 $116.31 仅 4.5 点，止损距离 23.4 点）,
2025-05,PM,2025-05-01,162.8804,强,强,bullish,none,buy,medium,YES,6.06,YES,TP,时空状态=强 趋势排列=bullish,无Claude分析，仅供参考；风险收益比 0.34（近端压力 $171.02 仅 8.1 点，止损距离 24.2 点），,
2025-05,NEM,2025-05-01,50.7109,中性偏弱,强,bullish,none,hold,medium,no,4.7,YES,FN,时空状态=中性偏弱 趋势排列=bullish,无Claude分析，仅供参考；关键支撑$51.32已被跌破（当前价$50.71，跌破1.2%），结构支撑失效，多头止损参,
2025-05,BJ,2025-05-01,117.26,中性偏弱,强,bullish,top,hold,medium,no,-3.15,no,TN,时空状态=中性偏弱 趋势排列=bullish,无Claude分析，仅供参考；风险收益比极差 0.13（至近端压力 $119.94 仅 2.68 点，止损距离 20.8,
2025-06,AU,2025-06-02,44.9378,强,强,bullish,none,buy,medium,YES,3.6,YES,TP,时空状态=强 趋势排列=bullish,无Claude分析，仅供参考；重度超扩延，建议等待回踩 $37.77 附近黄金棒确认再入场；风险收益比极差 0.27（至,
2025-06,NEM,2025-06-02,54.9953,强,强,bullish,none,buy,medium,YES,9.31,YES,TP,时空状态=强 趋势排列=bullish,无Claude分析，仅供参考；风险收益比极差 0.01（至压力 $55.10 仅 0.11 点，止损距离 8.5 点），,
2025-06,PLTR,2025-06-02,132.04,中性偏弱,强,bullish,none,buy,low,YES,2.91,YES,TP,时空状态=中性偏弱 趋势排列=bullish,无Claude分析，仅供参考；实时顶背离预警：新高动能不足，注意见顶风险；重度超扩延，建议等待回踩 $104.74 附近,
2025-06,PM,2025-06-02,175.0449,强,强,bullish,none,buy,medium,YES,1.6,YES,TP,时空状态=强 趋势排列=bullish,无Claude分析，仅供参考；风险收益比极差 0.13（至压力 $183.80 仅 8.8 点，止损距离 67.2 点）,
2025-06,RGLD,2025-06-02,184.6478,强,强,bullish,none,buy,medium,YES,-0.1,no,FP,时空状态=强 趋势排列=bullish,无Claude分析，仅供参考；实时顶背离预警：新高动能不足，注意见顶风险；风险收益比 0.36（近端压力 $193.88,
2025-07,NRG,2025-07-01,154.1963,中性偏弱,强,bullish,none,buy,low,YES,1.19,YES,TP,时空状态=中性偏弱 趋势排列=bullish,无Claude分析，仅供参考；实时顶背离预警：新高动能不足，注意见顶风险；重度超扩延，建议等待回踩 $136.26 附近,
2025-07,AU,2025-07-01,43.4026,中性偏弱,强,bullish,none,buy,low,YES,0.68,YES,TP,时空状态=中性偏弱 趋势排列=bullish,无Claude分析，仅供参考；重度超扩延，建议等待回踩 $41.75 附近黄金棒确认再入场；风险收益比 0.70（近端压,
2025-07,CVNA,2025-07-01,67.652,中性偏弱,强,bullish,top,hold,medium,no,13.42,YES,FN,时空状态=中性偏弱 趋势排列=bullish,无Claude分析，仅供参考；风险收益比极差 0.13（至近端压力 $69.13 仅 1.48 点，止损距离 11.38,
2025-07,RBLX,2025-07-01,100.65,中性偏弱,强,bullish,none,buy,low,YES,26.57,YES,TP,时空状态=中性偏弱 趋势排列=bullish,无Claude分析，仅供参考；实时顶背离预警：新高动能不足，注意见顶风险；重度超扩延，建议等待回踩 $82.18 附近黄,
2025-07,ZS,2025-07-01,307.32,中性偏弱,强,bullish,none,buy,low,YES,-10.51,no,FP,时空状态=中性偏弱 趋势排列=bullish,无Claude分析，仅供参考；实时顶背离预警：新高动能不足，注意见顶风险；重度超扩延，建议等待回踩 $258.80 附近,
2025-08,HOOD,2025-08-01,99.9,中性偏弱,强,bullish,none,buy,low,YES,2.6,YES,TP,时空状态=中性偏弱 趋势排列=bullish,无Claude分析，仅供参考；实时顶背离预警：新高动能不足，注意见顶风险；重度超扩延，建议等待回踩 $83.94 附近黄,
2025-08,SYM,2025-08-01,50.85,中性偏弱,强,bullish,top,hold,medium,no,-9.34,no,TN,时空状态=中性偏弱 趋势排列=bullish,无Claude分析，仅供参考；风险收益比较差 0.29（至近端压力 $54.54 仅 3.69 点，止损距离 12.63,
2025-08,RKLB,2025-08-01,44.81,中性偏弱,强,bullish,none,buy,low,YES,8.22,YES,TP,时空状态=中性偏弱 趋势排列=bullish,无Claude分析，仅供参考；重度超扩延，建议等待回踩 $34.67 附近黄金棒确认再入场；风险收益比极差 0.23（至,
2025-08,RBLX,2025-08-01,125.03,强,强,bullish,none,buy,medium,YES,-8.46,no,FP,时空状态=强 趋势排列=bullish,无Claude分析，仅供参考；实时顶背离预警：新高动能不足，注意见顶风险；重度超扩延，建议等待回踩 $102.10 附近,
2025-08,COIN,2025-08-01,314.69,中性偏弱,强,mixed,none,hold,medium,no,-10.49,no,TN,时空状态=中性偏弱 趋势排列=mixed,无Claude分析，仅供参考,
2025-09,RKLB,2025-09-02,49.31,强,强,bullish,none,buy,medium,YES,1.35,YES,TP,时空状态=强 趋势排列=bullish,无Claude分析，仅供参考；重度超扩延，建议等待回踩 $41.57 附近黄金棒确认再入场；风险收益比极差 0.21（至,
2025-09,HOOD,2025-09-02,100.84,中性偏弱,强,bullish,top,hold,medium,no,40.78,YES,FN,时空状态=中性偏弱 趋势排列=bullish,无Claude分析，仅供参考；风险收益比较差 0.21（至近端压力 $115.02 仅 14.18 点，止损距离 67.,
2025-09,SYM,2025-09-02,45.59,弱,强,mixed,none,hold,medium,no,17.04,YES,FN,时空状态=弱 趋势排列=mixed,无Claude分析，仅供参考,
2025-09,ALAB,2025-09-02,174.24,中性偏弱,强,bullish,none,hold,medium,no,8.28,YES,FN,时空状态=中性偏弱 趋势排列=bullish,无Claude分析，仅供参考；当前价$174.24距关键支撑$171.06仅1.8%，破位风险高，请设好止损,
2025-09,ETHA,2025-09-02,32.3,中性偏弱,强,bullish,none,hold,medium,no,-0.06,no,TN,时空状态=中性偏弱 趋势排列=bullish,无Claude分析，仅供参考,
2025-10,ALAB,2025-10-01,194.5,中性偏弱,强,bullish,none,hold,medium,no,-0.21,no,TN,时空状态=中性偏弱 趋势排列=bullish,无Claude分析，仅供参考；黄金棒（$249.38）在当前价$194.50上方28.2%，价格已跌穿黄金棒信号区，多头,
2025-10,RDDT,2025-10-01,202.6,中性偏弱,强,mixed,none,hold,medium,no,-0.91,no,TN,时空状态=中性偏弱 趋势排列=mixed,无Claude分析，仅供参考；风险收益比极差 0.19（至近端压力 $225.23 仅 22.63 点，止损距离 118,
2025-10,ETHA,2025-10-01,32.8,极弱,强,bullish,none,hold,low,no,-13.49,no,TN,时空状态=极弱 趋势排列=bullish,无Claude分析，仅供参考；黄金棒（$34.18）在当前价$32.80上方4.2%，价格已跌穿黄金棒信号区，多头支撑信,
2025-10,SOFI,2025-10-01,25.76,中性偏弱,强,bullish,top,hold,medium,no,10.96,YES,FN,时空状态=中性偏弱 趋势排列=bullish,无Claude分析，仅供参考；风险收益比较差 0.33（至近端压力 $29.81 仅 4.05 点，止损距离 12.11,
2025-10,RKLB,2025-10-01,47.97,中性偏弱,强,bullish,top,hold,medium,no,33.03,YES,FN,时空状态=中性偏弱 趋势排列=bullish,无Claude分析，仅供参考；风险收益比较差 0.40（至近端压力 $51.39 仅 3.42 点，止损距离 8.50 ,
2025-11,WDC,2025-11-03,157.7764,强,强,bullish,none,buy,medium,YES,5.35,YES,TP,时空状态=强 趋势排列=bullish,无Claude分析，仅供参考；重度超扩延，建议等待回踩 $108.30 附近黄金棒确认再入场；风险收益比极差 0.16（,
2025-11,CIEN,2025-11-03,189.56,强,强,bullish,none,buy,medium,YES,0.59,YES,TP,时空状态=强 趋势排列=bullish,无Claude分析，仅供参考；重度超扩延，建议等待回踩 $140.05 附近黄金棒确认再入场；风险收益比极差 0.08（,
2025-11,ALAB,2025-11-03,191.56,中性偏强,中性偏弱,mixed,none,hold,medium,no,-18.69,no,TN,时空状态=中性偏强 趋势排列=mixed,无Claude分析，仅供参考；关键支撑$194.50已被跌破（当前价$191.56，跌破1.5%），结构支撑失效，多头止,
2025-11,WBD,2025-11-03,22.29,强,强,bullish,none,buy,medium,YES,5.87,YES,TP,时空状态=强 趋势排列=bullish,无Claude分析，仅供参考；实时顶背离预警：新高动能不足，注意见顶风险；重度超扩延，建议等待回踩 $17.06 附近黄,
2025-11,APP,2025-11-03,632.14,强,强,bullish,none,buy,medium,YES,-9.1,no,FP,时空状态=强 趋势排列=bullish,无Claude分析，仅供参考；重度超扩延，建议等待回踩 $577.58 附近黄金棒确认再入场；风险收益比 0.90（近端,
2025-12,CIEN,2025-12-01,200.92,中性偏弱,强,bullish,none,buy,low,YES,23.81,YES,TP,时空状态=中性偏弱 趋势排列=bullish,无Claude分析，仅供参考；重度超扩延，建议等待回踩 $171.71 附近黄金棒确认再入场；风险收益比极差 0.29（,
2025-12,WDC,2025-12-01,163.2879,中性偏弱,强,bullish,none,buy,low,YES,10.61,YES,TP,时空状态=中性偏弱 趋势排列=bullish,无Claude分析，仅供参考；重度超扩延，建议等待回踩 $133.65 附近黄金棒确认再入场；风险收益比 0.37（近端,
2025-12,MU,2025-12-01,240.225,中性偏弱,强,bullish,none,buy,low,YES,27.05,YES,TP,时空状态=中性偏弱 趋势排列=bullish,无Claude分析，仅供参考；重度超扩延，建议等待回踩 $203.84 附近黄金棒确认再入场；风险收益比极差 0.28（,
2025-12,WBD,2025-12-01,23.87,中性偏弱,强,bullish,none,hold,medium,no,20.86,YES,FN,时空状态=中性偏弱 趋势排列=bullish,无Claude分析，仅供参考；风险收益比极差 0.16（至近端压力 $25.06 仅 1.19 点，止损距离 7.28 ,
2025-12,INSM,2025-12-01,211.41,强,强,bullish,none,buy,medium,YES,-15.0,no,FP,时空状态=强 趋势排列=bullish,无Claude分析，仅供参考；重度超扩延，建议等待回踩 $171.39 附近黄金棒确认再入场；风险收益比极差 0.10（,
2026-01,CIEN,2026-01-02,246.06,强,强,bullish,none,buy,medium,YES,2.88,YES,TP,时空状态=强 趋势排列=bullish,无Claude分析，仅供参考；实时顶背离预警：新高动能不足，注意见顶风险；重度超扩延，建议等待回踩 $201.69 附近,
2026-01,WDC,2026-01-02,187.5613,中性偏弱,强,bullish,top,hold,medium,no,37.56,YES,FN,时空状态=中性偏弱 趋势排列=bullish,无Claude分析，仅供参考；风险收益比较差 0.36（至近端压力 $196.94 仅 9.38 点，止损距离 26.4,
2026-01,WBD,2026-01-02,28.51,中性偏弱,强,bullish,none,hold,medium,no,-4.41,no,TN,时空状态=中性偏弱 趋势排列=bullish,无Claude分析，仅供参考；风险收益比极差 0.12（至近端压力 $29.94 仅 1.43 点，止损距离 11.92,
2026-01,MU,2026-01-02,315.2391,强,强,bullish,none,buy,medium,YES,39.66,YES,TP,时空状态=强 趋势排列=bullish,无Claude分析，仅供参考；重度超扩延，建议等待回踩 $238.31 附近黄金棒确认再入场；风险收益比极差 0.16（,
2026-01,COHR,2026-01-02,194.33,中性偏弱,强,bullish,none,buy,low,YES,11.06,YES,TP,时空状态=中性偏弱 趋势排列=bullish,无Claude分析，仅供参考；重度超扩延，建议等待回踩 $156.79 附近黄金棒确认再入场；风险收益比极差 0.14（,
2026-02,PL,2026-02-02,22.85,中性偏弱,强,bullish,none,buy,low,YES,-4.7,no,FP,时空状态=中性偏弱 趋势排列=bullish,无Claude分析，仅供参考；重度超扩延，建议等待回踩 $18.79 附近黄金棒确认再入场；风险收益比 0.49（近端压,
2026-02,HL,2026-02-02,21.5408,中性偏弱,强,bullish,none,buy,low,YES,9.05,YES,TP,时空状态=中性偏弱 趋势排列=bullish,无Claude分析，仅供参考；重度超扩延，建议等待回踩 $20.19 附近黄金棒确认再入场；黄金棒（$28.23）在当前,
2026-02,RVMD,2026-02-02,97.16,中性偏弱,强,bullish,none,buy,low,YES,5.16,YES,TP,时空状态=中性偏弱 趋势排列=bullish,无Claude分析，仅供参考；重度超扩延，建议等待回踩 $87.46 附近黄金棒确认再入场；风险收益比 0.39（近端压,
2026-02,MU,2026-02-02,437.5489,强,强,bullish,none,buy,medium,YES,-2.6,no,FP,时空状态=强 趋势排列=bullish,无Claude分析，仅供参考；重度超扩延，建议等待回踩 $293.78 附近黄金棒确认再入场；风险收益比极差 0.10（,
2026-02,LITE,2026-02-02,423.42,强,强,bullish,top,buy,medium,YES,83.21,YES,TP,时空状态=强 趋势排列=bullish,无Claude分析，仅供参考；重度超扩延，建议等待回踩 $336.72 附近黄金棒确认再入场；风险收益比极差 0.19（,
2026-03,LITE,2026-03-02,783.25,强,强,bullish,none,buy,medium,YES,-1.08,no,FP,时空状态=强 趋势排列=bullish,无Claude分析，仅供参考；重度超扩延，建议等待回踩 $447.47 附近黄金棒确认再入场；风险收益比极差 0.08（,
2026-03,SNDK,2026-03-02,619.08,中性偏弱,强,bullish,none,hold,medium,no,5.44,YES,FN,时空状态=中性偏弱 趋势排列=bullish,无Claude分析，仅供参考；黄金棒（$651.90）在当前价$619.08上方5.3%，价格已跌穿黄金棒信号区，多头支,
2026-03,MU,2026-03-02,412.4333,中性偏弱,强,bullish,none,buy,low,YES,-13.09,no,FP,时空状态=中性偏弱 趋势排列=bullish,无Claude分析，仅供参考；重度超扩延，建议等待回踩 $354.10 附近黄金棒确认再入场；风险收益比 0.50（近端,
2026-03,FORM,2026-03-02,99.7,中性偏弱,强,bullish,none,hold,medium,no,2.23,YES,FN,时空状态=中性偏弱 趋势排列=bullish,无Claude分析，仅供参考；风险收益比极差 0.16（至近端压力 $104.69 仅 4.98 点，止损距离 31.3,
2026-03,WDC,2026-03-02,269.8804,中性偏弱,强,bullish,none,buy,low,YES,3.7,YES,TP,时空状态=中性偏弱 趋势排列=bullish,无Claude分析，仅供参考；重度超扩延，建议等待回踩 $231.80 附近黄金棒确认再入场；风险收益比极差 0.15（,
2026-04,SNDK,2026-04-01,692.73,中性偏弱,强,bullish,none,hold,medium,no,62.35,YES,FN,时空状态=中性偏弱 趋势排列=bullish,无Claude分析，仅供参考；风险收益比极差 0.02（至近端压力 $695.51 仅 2.78 点，止损距离 167.,
2026-04,LITE,2026-04-01,764.65,中性偏弱,强,bullish,top,hold,medium,no,24.24,YES,FN,时空状态=中性偏弱 趋势排列=bullish,无Claude分析，仅供参考；风险收益比极差 0.08（至近端压力 $783.25 仅 18.60 点，止损距离 222,
2026-04,AAOI,2026-04-01,86.35,中性偏弱,强,bullish,none,buy,low,YES,80.45,YES,TP,时空状态=中性偏弱 趋势排列=bullish,无Claude分析，仅供参考；重度超扩延，建议等待回踩 $67.76 附近黄金棒确认再入场；黄金棒（$95.76）在当前,
2026-04,FORM,2026-04-01,100.91,中性偏弱,强,bullish,none,hold,medium,no,37.54,YES,FN,时空状态=中性偏弱 趋势排列=bullish,无Claude分析，仅供参考；风险收益比较差 0.27（至近端压力 $105.83 仅 4.92 点，止损距离 18.4,
2026-04,VIAV,2026-04-01,35.3,中性偏弱,强,bullish,top,hold,medium,no,56.58,YES,FN,时空状态=中性偏弱 趋势排列=bullish,无Claude分析，仅供参考；风险收益比极差 0.01（至近端压力 $35.35 仅 0.05 点，止损距离 8.26 ,
2026-05,AAOI,2026-05-01,183.51,强,强,bullish,none,buy,medium,YES,-2.62,no,FP,时空状态=强 趋势排列=bullish,无Claude分析，仅供参考；实时顶背离预警：新高动能不足，注意见顶风险；重度超扩延，建议等待回踩 $107.75 附近,
2026-05,SNDK,2026-05-01,1187.0,强,强,bullish,none,buy,medium,YES,60.05,YES,TP,时空状态=强 趋势排列=bullish,无Claude分析，仅供参考；重度超扩延，建议等待回踩 $749.34 附近黄金棒确认再入场；风险收益比极差 0.09（,
2026-05,LITE,2026-05-01,949.93,中性偏弱,强,bullish,top,hold,medium,no,-6.36,no,TN,时空状态=中性偏弱 趋势排列=bullish,无Claude分析，仅供参考；风险收益比极差 0.15（至近端压力 $997.43 仅 47.50 点，止损距离 314,
2026-05,VIAV,2026-05-01,55.33,强,强,bullish,none,buy,medium,YES,-9.27,no,FP,时空状态=强 趋势排列=bullish,无Claude分析，仅供参考；重度超扩延，建议等待回踩 $35.71 附近黄金棒确认再入场；风险收益比极差 0.10（至,
2026-05,CIEN,2026-05-01,535.29,中性偏弱,强,bullish,none,buy,low,YES,10.05,YES,TP,时空状态=中性偏弱 趋势排列=bullish,无Claude分析，仅供参考；实时顶背离预警：新高动能不足，注意见顶风险；重度超扩延，建议等待回踩 $406.05 附近,
2026-06,SNDK,2026-06-01,1761.4301,强,强,bullish,none,buy,medium,YES,31.34,YES,TP,时空状态=强 趋势排列=bullish,无Claude分析，仅供参考；重度超扩延，建议等待回踩 $1064.20 附近黄金棒确认再入场；风险收益比极差 0.19,
2026-06,AAOI,2026-06-01,185.67,中性偏弱,强,bullish,none,buy,low,YES,-0.73,no,FP,时空状态=中性偏弱 趋势排列=bullish,无Claude分析，仅供参考；重度超扩延，建议等待回踩 $144.62 附近黄金棒确认再入场；风险收益比 0.71（近端,
2026-06,VIAV,2026-06-01,47.49,中性偏弱,强,bullish,none,buy,low,YES,1.12,YES,TP,时空状态=中性偏弱 趋势排列=bullish,无Claude分析，仅供参考；重度超扩延，建议等待回踩 $43.72 附近黄金棒确认再入场；关键支撑$48.10已被跌破,
2026-06,DOCN,2026-06-01,173.45,中性偏弱,强,bullish,none,buy,low,YES,-3.07,no,FP,时空状态=中性偏弱 趋势排列=bullish,无Claude分析，仅供参考；实时顶背离预警：新高动能不足，注意见顶风险；重度超扩延，建议等待回踩 $111.30 附近,
2026-06,INTC,2026-06-01,109.33,中性偏弱,强,bullish,none,hold,medium,no,27.6,YES,FN,时空状态=中性偏弱 趋势排列=bullish,无Claude分析，仅供参考；黄金棒（$118.50）在当前价$109.33上方8.4%，价格已跌穿黄金棒信号区，多头支,
2026-07,SNDK,2026-07-01,2032.22,中性偏弱,强,bullish,none,hold,medium,no,-41.47,no,TN,时空状态=中性偏弱 趋势排列=bullish,无Claude分析，仅供参考,
2026-07,MXL,2026-07-01,112.39,强,强,bullish,none,buy,medium,YES,-44.01,no,FP,时空状态=强 趋势排列=bullish,无Claude分析，仅供参考；重度超扩延，建议等待回踩 $78.99 附近黄金棒确认再入场；风险收益比极差 0.20（至,
2026-07,MRVL,2026-07-01,271.9829,中性偏弱,强,bullish,none,buy,low,YES,-33.6,no,FP,时空状态=中性偏弱 趋势排列=bullish,无Claude分析，仅供参考；重度超扩延，建议等待回踩 $214.07 附近黄金棒确认再入场,
2026-07,INTC,2026-07-01,127.02,中性偏弱,强,bullish,none,buy,low,YES,-33.19,no,FP,时空状态=中性偏弱 趋势排列=bullish,无Claude分析，仅供参考；重度超扩延，建议等待回踩 $108.12 附近黄金棒确认再入场；风险收益比极差 0.11（,
2026-07,DOCN,2026-07-01,144.58,极弱,强,bullish,none,hold,low,no,-21.93,no,TN,时空状态=极弱 趋势排列=bullish,无Claude分析，仅供参考；风险收益比较差 0.31（至近端压力 $181.29 仅 36.71 点，止损距离 119,
